Name,H,A
"     1 Ceres",3.34,0.090
"     2 Pallas",4.13,0.1587
"     3 Juno",5.33,0.2383
"     4 Vesta",3.20,0.4228
"     5 Astraea",6.85,0.2268
"     6 Hebe",5.71,0.2679
"     7 Iris",5.51,0.2766
"     8 Flora",6.49,0.2426
"     9 Metis",6.28,0.118
"    10 Hygiea",5.43,0.0717
"    11 Parthenope",6.55,0.1803
"    12 Victoria",7.24,0.1765
"    13 Egeria",6.74,0.0825
"    14 Irene",6.30,0.159
"    15 Eunomia",5.28,0.2094
"    16 Psyche",5.90,0.1203
"    17 Thetis",7.76,0.1715
"    18 Melpomene",6.51,0.2225
"    19 Fortuna",7.13,0.037
"    20 Massalia",6.50,0.2096
"    21 Lutetia",7.35,0.2212
"    22 Kalliope",6.45,0.1419
"    23 Thalia",6.95,0.2536
"    24 Themis",7.08,0.067
"    25 Phocaea",7.83,0.2310
"    26 Proserpina",7.4,0.1966
"    27 Euterpe",7.0,0.162
"    28 Bellona",7.09,0.1763
"    29 Amphitrite",5.85,0.1793
"    30 Urania",7.57,0.1714
"    31 Euphrosyne",6.74,0.0543
"    32 Pomona",7.56,0.2564
"    34 Circe",8.51,0.0541
"    35 Leukothea",8.50,0.0662
"    36 Atalante",8.46,0.0654
"    37 Fides",7.29,0.1826
"    38 Leda",8.32,0.0618
"    39 Laetitia",6.0,0.2869
"    40 Harmonia",7.00,0.2418
"    41 Daphne",7.12,0.0828
"    42 Isis",7.53,0.1712
"    43 Ariadne",7.93,0.2740
"    44 Nysa",7.03,0.5458
"    45 Eugenia",7.46,0.0398
"    46 Hestia",8.36,0.0519
"    47 Aglaja",7.84,0.0801
"    48 Doris",6.90,0.0624
"    49 Pales",7.8,0.0597
"    50 Virginia",9.24,0.0357
"    51 Nemausa",7.35,0.0928
"    52 Europa",6.31,0.0578
"    53 Kalypso",8.81,0.0397
"    54 Alexandra",7.66,0.0555
"    55 Pandora",7.7,0.3013
"    56 Melete",8.31,0.0653
"    57 Mnemosyne",7.03,0.2149
"    58 Concordia",8.86,0.0578
"    59 Elpis",7.93,0.0438
"    60 Echo",8.21,0.2535
"    61 Danae",7.68,0.2224
"    62 Erato",8.76,0.0608
"    63 Ausonia",7.55,0.1586
"    64 Angelina",7.67,0.157
"    66 Maja",9.36,0.0618
"    67 Asia",8.28,0.2551
"    68 Leto",6.78,0.2283
"    69 Hesperia",7.05,0.1402
"    70 Panopaea",8.11,0.0675
"    71 Niobe",7.30,0.3052
"    72 Feronia",8.94,0.0636
"    73 Klytia",8.9,0.2247
"    74 Galatea",8.66,0.0431
"    75 Eurydike",8.96,0.1473
"    77 Frigga",8.52,0.1440
"    78 Diana",8.09,0.0706
"    79 Eurynome",7.96,0.2618
"    80 Sappho",7.98,0.1848
"    81 Terpsichore",8.48,0.0505
"    82 Alkmene",8.40,0.2075
"    83 Beatrix",8.66,0.0917
"    84 Klio",9.32,0.0527
"    85 Io",7.61,0.0666
"    86 Semele",8.54,0.0466
"    88 Thisbe",7.04,0.0671
"    89 Julia",6.60,0.1764
"    90 Antiope",8.27,0.0603
"    91 Aegina",8.84,0.0426
"    92 Undina",6.61,0.2509
"    93 Minerva",7.8,0.0733
"    94 Aurora",7.57,0.0395
"    95 Arethusa",7.9,0.0698
"    96 Aegle",7.67,0.0523
"    97 Klotho",7.63,0.2285
"    98 Ianthe",8.84,0.0471
"    99 Dike",9.43,0.0627
"   100 Hekate",7.67,0.1922
"   101 Helena",8.33,0.1898
"   102 Miriam",9.26,0.0507
"   103 Hera",7.66,0.1833
"   104 Klymene",8.27,0.0568
"   105 Artemis",8.57,0.0465
"   106 Dione",7.41,0.0893
"   109 Felicitas",8.75,0.0699
"   110 Lydia",7.80,0.1808
"   111 Ate",8.02,0.0605
"   112 Iphigenia",9.84,0.0393
"   113 Amalthea",8.74,0.2649
"   114 Kassandra",8.26,0.0884
"   115 Thyra",7.51,0.2747
"   116 Sirona",7.82,0.2560
"   117 Lomia",7.95,0.0528
"   118 Peitho",9.14,0.2240
"   119 Althaea",8.42,0.2306
"   120 Lachesis",7.75,0.0463
"   123 Brunhild",8.8,0.2134
"   124 Alkeste",8.11,0.1728
"   125 Liberatrix",9.04,0.2253
"   126 Velleda",9.27,0.1723
"   128 Nemesis",7.49,0.0504
"   129 Antigone",7.07,0.164
"   130 Elektra",7.12,0.0755
"   131 Vala",10.03,0.1051
"   133 Cyrene",7.98,0.2563
"   134 Sophrosyne",8.76,0.0364
"   135 Hertha",8.23,0.1436
"   136 Austria",9.69,0.1459
"   137 Meliboea",8.05,0.0503
"   138 Tolosa",8.75,0.2699
"   139 Juewa",7.78,0.0557
"   140 Siwa",8.34,0.0676
"   141 Lumen",8.4,0.0540
"   142 Polana",10.27,0.0451
"   143 Adria",9.12,0.0491
"   144 Vibilia",7.91,0.0597
"   145 Adeona",8.13,0.0433
"   146 Lucina",8.20,0.0531
"   147 Protogeneia",8.6,0.0492
"   148 Gallia",7.63,0.1640
"   149 Medusa",10.79,0.2334
"   150 Nuwa",8.23,0.0395
"   151 Abundantia",9.1,0.1728
"   154 Bertha",7.58,0.0480
"   155 Scylla",11.39,0.0309
"   156 Xanthippe",8.64,0.0422
"   158 Koronis",9.27,0.2766
"   159 Aemilia",8.12,0.0639
"   160 Una",9.08,0.0625
"   161 Athor",9.15,0.1980
"   162 Laurentia",8.83,0.0529
"   163 Erigone",9.47,0.0546
"   164 Eva",8.89,0.0447
"   165 Loreley",7.65,0.0642
"   167 Urda",9.1,0.2230
"   169 Zelia",9.56,0.2347
"   170 Maria",9.39,0.1579
"   171 Ophelia",8.31,0.0615
"   172 Baucis",8.79,0.1382
"   173 Ino",7.66,0.0642
"   174 Phaedra",8.48,0.1495
"   175 Andromache",8.31,0.0819
"   176 Iduna",8.2,0.0834
"   177 Irma",9.49,0.0527
"   178 Belisana",9.3,0.2438
"   179 Klytaemnestra",8.15,0.1609
"   181 Eucharis",7.84,0.1135
"   182 Elsa",9.12,0.2083
"   183 Istria",9.68,0.1890
"   184 Dejopeja",8.31,0.1897
"   185 Eunike",7.62,0.0638
"   186 Celuta",8.91,0.1929
"   187 Lamberta",8.16,0.0566
"   188 Menippe",9.22,0.2431
"   189 Phthia",9.33,0.2310
"   191 Kolga",9.07,0.0408
"   192 Nausikaa",7.13,0.2330
"   194 Prokne",7.68,0.0528
"   195 Eurykleia",9.01,0.0599
"   196 Philomela",6.54,0.2299
"   197 Arete",9.18,0.4417
"   198 Ampella",8.33,0.2517
"   200 Dynamene",8.26,0.0533
"   201 Penelope",8.43,0.1604
"   202 Chryseis",7.42,0.2562
"   203 Pompeja",8.76,0.0410
"   204 Kallisto",8.89,0.2082
"   205 Martha",9.23,0.0553
"   207 Hedda",9.92,0.0552
"   208 Lacrimosa",8.96,0.2696
"   209 Dido",8.24,0.0349
"   210 Isabella",9.33,0.0436
"   211 Isolda",7.89,0.0602
"   212 Medea",8.28,0.0465
"   213 Lilaea",8.64,0.0897
"   214 Aschera",9.1,0.5220
"   215 Oenone",9.4,0.2044
"   216 Kleopatra",7.30,0.1164
"   217 Eudora",9.80,0.0484
"   218 Bianca",8.60,0.1746
"   219 Thusnelda",9.32,0.2009
"   220 Stephania",11.1,0.0726
"   221 Eos",7.67,0.1400
"   222 Lucia",9.13,0.1318
"   223 Rosa",9.68,0.0309
"   224 Oceana",8.59,0.1694
"   226 Weringia",9.9,0.2035
"   227 Philosophia",9.0,0.0768
"   228 Agathe",12.48,0.2082
"   230 Athamantis",7.35,0.1708
"   231 Vindobona",9.5,0.0545
"   232 Russia",10.25,0.0494
"   233 Asterope",8.21,0.0870
"   234 Barbara",9.02,0.2276
"   235 Carolina",8.8,0.1580
"   236 Honoria",8.18,0.1271
"   237 Coelestina",9.24,0.2108
"   238 Hypatia",8.18,0.0428
"   239 Adrastea",10.4,0.0777
"   240 Vanadis",9.00,0.0411
"   241 Germania",7.58,0.0575
"   242 Kriemhild",9.20,0.2440
"   243 Ida",9.94,0.2383
"   244 Sita",11.9,0.1941
"   245 Vera",7.82,0.2082
"   246 Asporina",8.62,0.1744
"   247 Eukrate",8.04,0.0595
"   248 Lameia",10.2,0.0615
"   249 Ilse",11.33,0.0428
"   250 Bettina",7.58,0.2581
"   251 Sophia",9.9,0.2188
"   252 Clementina",9.7,0.0843
"   253 Mathilde",10.3,0.0436
"   254 Augusta",12.13,0.1695
"   255 Oppavia",10.39,0.0374
"   256 Walpurga",9.80,0.0530
"   257 Silesia",9.47,0.0545
"   258 Tyche",8.50,0.1676
"   259 Aletheia",7.76,0.0436
"   261 Prymno",9.44,0.1141
"   263 Dresda",10.2,0.2263
"   264 Libussa",8.42,0.2971
"   265 Anna",11.9,0.1045
"   266 Aline",8.80,0.0448
"   267 Tirza",10.1,0.0402
"   268 Adorea",8.28,0.0440
"   269 Justitia",9.7,0.0974
"   270 Anahita",8.75,0.2166
"   271 Penthesilea",9.80,0.0633
"   272 Antonia",10.6,0.1443
"   273 Atropos",10.26,0.1624
"   274 Philagoria",9.9,0.2282
"   275 Sapientia",8.85,0.036
"   276 Adelheid",8.5,0.0450
"   277 Elvira",9.84,0.2770
"   278 Paulina",9.3,0.2505
"   280 Philia",10.9,0.0444
"   281 Lucretia",12.02,0.1987
"   282 Clorinde",10.91,0.0502
"   283 Emma",8.72,0.0262
"   284 Amalia",10.05,0.0602
"   285 Regina",10.7,0.0547
"   286 Iclea",8.9,0.0508
"   287 Nephthys",8.30,0.1851
"   288 Glauke",9.84,0.1973
"   289 Nenetta",9.51,0.2438
"   291 Alice",11.45,0.2075
"   292 Ludovica",9.9,0.2652
"   293 Brasilia",9.94,0.0615
"   294 Felicia",10.1,0.0910
"   295 Theresia",10.19,0.1930
"   297 Caecilia",9.1,0.1796
"   299 Thora",11.3,0.1673
"   301 Bavaria",10.2,0.0546
"   302 Clarissa",10.89,0.0524
"   303 Josephina",8.8,0.0594
"   304 Olga",9.74,0.0488
"   305 Gordonia",8.77,0.2269
"   306 Unitas",8.96,0.2112
"   307 Nike",10.12,0.0524
"   308 Polyxo",8.17,0.0482
"   309 Fraternitas",10.6,0.0595
"   310 Margarita",10.0,0.1250
"   311 Claudia",10.0,0.3381
"   312 Pierretta",8.89,0.1967
"   313 Chaldaea",8.90,0.0524
"   314 Rosalia",9.9,0.0787
"   316 Goberta",10.0,0.0925
"   317 Roxane",10.03,0.4928
"   321 Florentina",10.0,0.2296
"   322 Phaeo",9.01,0.0876
"   324 Bamberga",6.82,0.0628
"   326 Tamara",9.36,0.0368
"   327 Columbia",10.0,0.2360
"   328 Gudrun",8.8,0.0425
"   329 Svea",9.6,0.0399
"   331 Etheridgea",9.62,0.0447
"   332 Siri",9.6,0.1719
"   333 Badenia (1892 A)",9.46,0.0475
"   335 Roberta (1892 C)",8.96,0.0580
"   336 Lacadiera (1892 D)",9.76,0.0459
"   337 Devosa (1892 E)",8.74,0.1614
"   338 Budrosa (1892 F)",8.4,0.1766
"   339 Dorothea (1892 G)",9.24,0.2431
"   340 Eduarda (1892 H)",9.90,0.2118
"   341 California (1892 J)",10.55,0.4950
"   342 Endymion (1892 K)",10.22,0.0393
"   343 Ostara (1892 N)",11.56,0.1151
"   344 Desiderata (1892 M)",8.08,0.0592
"   345 Tercidina (1892 O)",8.71,0.0654
"   346 Hermentaria (1892 P)",7.13,0.2189
"   347 Pariana (1892 Q)",8.96,0.1845
"   348 May (1892 R)",9.40,0.0448
"   349 Dembowska (1892 T)",5.93,0.3840
"   350 Ornamenta (1892 U)",8.37,0.0566
"   351 Yrsa (1892 V)",8.98,0.2884
"   352 Gisela (1893 B)",10.01,0.4261
"   354 Eleonora (1893 A)",6.44,0.1948
"   355 Gabriella (1893 E)",10.1,0.2353
"   356 Liguria (1893 G)",8.22,0.0528
"   357 Ninina (1893 J)",8.72,0.0510
"   358 Apollonia (1893 K)",9.10,0.0506
"   359 Georgia (1893 M)",8.86,0.2621
"   360 Carlova (1893 N)",8.48,0.0535
"   364 Isara (1893 T)",9.86,0.2566
"   365 Corduba (1893 V)",9.1,0.0335
"   366 Vincentina (1893 W)",8.6,0.0800
"   367 Amicitia (1893 AA)",10.5,0.2535
"   368 Haidea (1893 AB)",9.93,0.0389
"   369 Aeria (1893 AE)",8.52,0.1919
"   371 Bohemia (1893 AD)",8.72,0.1924
"   372 Palma (1893 AH)",7.5,0.0655
"   373 Melusina (1893 AJ)",9.13,0.0429
"   374 Burgundia (1893 AK)",8.67,0.3014
"   376 Geometria (1893 AM)",9.49,0.2320
"   377 Campania (1893 AN)",8.89,0.0592
"   378 Holmia (1893 AP)",9.80,0.2971
"   379 Huenna (1894 AQ)",8.87,0.0587
"   380 Fiducia (1894 AR)",9.42,0.0563
"   382 Dodona (1894 AT)",8.77,0.1610
"   383 Janina (1894 AU)",9.91,0.0926
"   384 Burdigala (1894 AV)",9.64,0.1805
"   385 Ilmatar (1894 AX)",7.49,0.2129
"   386 Siegena (1894 AY)",7.43,0.0692
"   387 Aquitania (1894 AZ)",7.41,0.1900
"   388 Charybdis (1894 BA)",8.57,0.0506
"   389 Industria (1894 BB)",7.88,0.1983
"   390 Alma (1894 BC)",10.39,0.2190
"   392 Wilhelmina (1894 BF)",9.70,0.0589
"   393 Lampetia (1894 BG)",8.39,0.0829
"   394 Arduina (1894 BH)",9.66,0.2464
"   395 Delia (1894 BK)",10.38,0.0479
"   396 Aeolia (1894 BL)",10.0,0.1667
"   397 Vienna (1894 BM)",9.31,0.1776
"   398 Admete (1894 BN)",10.30,0.0607
"   399 Persephone (1895 BP)",8.9,0.1838
"   400 Ducrosa (1895 BU)",10.5,0.1423
"   402 Chloe (1895 BW)",9.02,0.1483
"   403 Cyane (1895 BX)",8.9,0.1653
"   404 Arsinoe (1895 BY)",9.01,0.0461
"   405 Thia (1895 BZ)",8.46,0.0468
"   406 Erna (1895 CB)",10.36,0.0524
"   407 Arachne (1895 CC)",8.88,0.0548
"   408 Fama (1895 CD)",9.2,0.1681
"   409 Aspasia (1895 CE)",7.62,0.0606
"   410 Chloris (1896 CH)",8.30,0.0554
"   411 Xanthe (1896 CJ)",9.2,0.0831
"   412 Elisabetha (1896 CK)",9.1,0.0536
"   413 Edburga (1896 CL)",10.18,0.1466
"   415 Palatia (1896 CO)",9.21,0.0628
"   416 Vaticana (1896 CS)",7.89,0.1689
"   417 Suevia (1896 CT)",9.34,0.1960
"   418 Alemannia (1896 CV)",9.77,0.1878
"   419 Aurelia (1896 CW)",8.42,0.0455
"   423 Diotima (1896 DB)",7.24,0.0515
"   424 Gratia (1896 DF)",9.5,0.0279
"   425 Cornelia (1896 DC)",9.6,0.0475
"   426 Hippo (1897 DH)",8.42,0.0469
"   427 Galene (1897 DJ)",10.0,0.2364
"   428 Monachia (1897 DK)",11.9,0.1142
"   429 Lotis (1897 DL)",9.82,0.0430
"   430 Hybris (1897 DM)",11.0,0.1206
"   431 Nephele (1897 DN)",8.72,0.0636
"   432 Pythia (1897 DO)",8.84,0.2338
"   435 Ella (1898 DS)",10.23,0.0831
"   437 Rhodia (1898 DP)",10.41,0.7035
"   438 Zeuxo (1898 DU)",9.80,0.0568
"   439 Ohio (1898 EB)",9.83,0.0352
"   441 Bathilde (1898 ED)",8.51,0.1410
"   442 Eichsfeldia (1899 EE)",10.03,0.0386
"   443 Photographica (1899 EF)",10.28,0.1918
"   444 Gyptis (1899 EL)",7.83,0.0490
"   446 Aeternitas (1899 ER)",8.90,0.2361
"   447 Valentine (1899 ES)",8.99,0.0714
"   448 Natalie (1899 ET)",10.30,0.0588
"   449 Hamburga (1899 EU)",9.47,0.0393
"   450 Brigitta (1899 EV)",10.1,0.1229
"   451 Patientia (1899 EY)",6.65,0.0764
"   453 Tea (1900 FA)",10.4,0.1827
"   454 Mathesis (1900 FC)",9.20,0.0555
"   455 Bruchsalia (1900 FG)",8.9,0.0709
"   456 Abnoba (1900 FH)",9.0,0.2335
"   458 Hercynia (1900 FK)",9.63,0.1654
"   459 Signe (1900 FM)",10.44,0.1370
"   460 Scania (1900 FN)",10.7,0.2144
"   462 Eriphyla (1900 FQ)",9.23,0.2829
"   463 Lola (1900 FS)",11.82,0.0829
"   464 Megaira (1901 FV)",9.52,0.0502
"   465 Alekto (1901 FW)",9.8,0.0433
"   467 Laura (1901 FY)",10.8,0.0633
"   468 Lina (1901 FZ)",9.83,0.0430
"   469 Argentina (1901 GE)",8.62,0.0399
"   470 Kilia (1901 GJ)",10.07,0.2379
"   471 Papagena (1901 GN)",6.73,0.1994
"   472 Roma (1901 GP)",8.92,0.2138
"   474 Prudentia (1901 GD)",10.9,0.0720
"   476 Hedwig (1901 GQ)",8.55,0.0493
"   477 Italia (1901 GR)",10.25,0.2769
"   478 Tergeste (1901 GU)",7.98,0.1798
"   479 Caprera (1901 HJ)",9.60,0.0480
"   480 Hansa (1901 GL)",8.38,0.2485
"   482 Petrina (1902 HT)",8.84,0.2372
"   484 Pittsburghia (1902 HX)",9.86,0.2012
"   485 Genua (1902 HZ)",8.2,0.2072
"   486 Cremona (1902 JB)",11.0,0.1631
"   487 Venetia (1902 JL)",8.14,0.2457
"   488 Kreusa (1902 JG)",7.81,0.0589
"   489 Comacina (1902 JM)",8.32,0.0427
"   490 Veritas (1902 JP)",8.32,0.0622
"   491 Carina (1902 JQ)",9.0,0.0743
"   492 Gismonda (1902 JR)",9.9,0.0795
"   493 Griseldis (1902 JS)",10.8,0.0622
"   494 Virtus (1902 JV)",8.96,0.0630
"   495 Eulalia (1902 KG)",10.78,0.0571
"   496 Gryphia (1902 KH)",11.61,0.1676
"   498 Tokio (1902 KU)",8.95,0.0694
"   500 Selinur (1903 LA)",9.2,0.1804
"   501 Urhixidur (1903 LB)",9.3,0.0812
"   502 Sigune (1903 LC)",10.77,0.3405
"   503 Evelyn (1903 LF)",9.2,0.0585
"   504 Cora (1902 LK)",10.0,0.3407
"   505 Cava (1902 LL)",8.61,0.040
"   506 Marion (1903 LN)",8.85,0.0454
"   507 Laodica (1903 LO)",9.2,0.2112
"   508 Princetonia (1903 LQ)",8.4,0.0441
"   509 Iolanda (1903 LR)",8.40,0.2747
"   510 Mabella (1903 LT)",9.73,0.0687
"   511 Davida (1903 LU)",6.22,0.0540
"   513 Centesima (1903 LY)",9.75,0.0885
"   514 Armida (1903 MB)",9.04,0.0379
"   515 Athalia (1903 ME)",11.23,0.0390
"   516 Amherstia (1903 MG)",8.27,0.1627
"   517 Edith (1903 MH)",9.35,0.0387
"   518 Halawe (1903 MO)",11.00,0.2880
"   519 Sylvania (1903 MP)",9.14,0.1676
"   520 Franziska (1903 MV)",10.61,0.1226
"   521 Brixia (1904 NB)",8.31,0.0626
"   523 Ada (1904 ND)",9.8,0.2512
"   524 Fidelio (1904 NN)",9.83,0.0402
"   526 Jena (1904 NQ)",10.17,0.0877
"   527 Euryanthe (1904 NR)",10.3,0.0576
"   529 Preziosa (1904 NT)",10.06,0.1632
"   530 Turandot (1904 NV)",9.29,0.0472
"   531 Zerlina (1904 NW)",12.0,0.1460
"   532 Herculina (1904 NY)",5.81,0.1694
"   533 Sara (1904 NZ)",9.6,0.2479
"   534 Nassovia (1904 OA)",9.77,0.1991
"   535 Montague (1904 OC)",9.3,0.0514
"   537 Pauly (1904 OG)",8.7,0.3489
"   538 Friederike (1904 OK)",9.5,0.0641
"   539 Pamina (1904 OL)",10.0,0.0800
"   540 Rosamunde (1904 ON)",10.76,0.2426
"   541 Deborah (1904 OO)",10.1,0.0496
"   542 Susanna (1904 OQ)",9.36,0.1843
"   543 Charlotte (1904 OT)",9.40,0.2599
"   544 Jetta (1904 OU)",10.0,0.3208
"   546 Herodias (1904 PA)",9.70,0.0534
"   547 Praxedis (1904 PB)",9.52,0.0566
"   549 Jessonda (1904 PK)",11.01,0.1971
"   550 Senta (1904 PL)",9.37,0.2215
"   551 Ortrud (1904 PM)",9.57,0.0426
"   552 Sigelinde (1904 PO)",9.5,0.0510
"   554 Peraga (1905 PS)",9.0,0.0496
"   555 Norma (1905 PT)",10.8,0.0632
"   556 Phyllis (1905 PW)",9.56,0.1853
"   558 Carmen (1905 QB)",9.09,0.1161
"   559 Nanon (1905 QD)",9.4,0.0500
"   560 Delila (1905 QF)",10.9,0.0733
"   561 Ingwelde (1905 QG)",11.21,0.0966
"   562 Salome (1905 QH)",9.95,0.1967
"   563 Suleika (1905 QK)",8.50,0.2477
"   564 Dudu (1905 QM)",10.43,0.0484
"   565 Marbachia (1905 QN)",10.88,0.1033
"   567 Eleutheria (1905 QP)",9.16,0.0439
"   568 Cheruskia (1905 QS)",9.4,0.0535
"   569 Misa (1905 QT)",10.12,0.0297
"   572 Rebekka (1905 RB)",10.94,0.0847
"   573 Recha (1905 RC)",9.4,0.1109
"   574 Reginhild (1905 RD)",12.30,0.3819
"   575 Renate (1905 RE)",10.7,0.1706
"   576 Emanuela (1905 RF)",9.3,0.0428
"   577 Rhea (1905 RH)",9.3,0.1792
"   578 Happelia (1905 RZ)",9.4,0.0769
"   579 Sidonia (1905 SD)",7.85,0.1748
"   582 Olympia (1906 SO)",9.11,0.2128
"   583 Klotilde (1905 SP)",9.01,0.0660
"   584 Semiramis (1906 SY)",8.71,0.1987
"   585 Bilkis (1906 TA)",10.40,0.0362
"   586 Thekla (1906 TC)",9.21,0.0539
"   589 Croatia (1906 TM)",9.0,0.0509
"   590 Tomyris (1906 TO)",9.90,0.1218
"   591 Irmgard (1906 TP)",10.64,0.0364
"   593 Titania (1906 TT)",9.28,0.0604
"   594 Mireille (1906 TW)",12.01,0.3255
"   596 Scheila (1906 UA)",8.90,0.0379
"   597 Bandusia (1906 UB)",9.1,0.2361
"   598 Octavia (1906 UC)",9.53,0.0521
"   599 Luisa (1906 UJ)",8.71,0.1377
"   600 Musa (1906 UM)",10.18,0.2415
"   601 Nerthus (1906 UN)",9.65,0.0454
"   602 Marianna (1906 TE)",8.31,0.0539
"   603 Timandra (1906 TJ)",11.8,0.1354
"   604 Tekmessa (1906 TK)",9.4,0.0870
"   605 Juvisia (1906 UU)",10.0,0.0397
"   606 Brangane (1906 VB)",10.2,0.0986
"   607 Jenny (1906 VC)",9.9,0.0711
"   608 Adolfine (1906 VD)",10.8,0.1603
"   609 Fulvia (1906 VF)",10.2,0.0602
"   611 Valeria (1906 VL)",9.19,0.1148
"   612 Veronika (1906 VN)",10.7,0.0411
"   613 Ginevra (1906 VP)",9.67,0.0374
"   614 Pia (1906 VQ)",11.0,0.1056
"   615 Roswitha (1906 VR)",10.2,0.0553
"   616 Elly (1906 VT)",10.68,0.2866
"   618 Elfriede (1906 VZ)",8.2,0.0606
"   621 Werdandi (1906 WJ)",10.49,0.1527
"   623 Chimaera (1907 XJ)",10.97,0.0372
"   625 Xenia (1907 XN)",9.9,0.2195
"   626 Notburga (1907 XO)",9.00,0.0437
"   627 Charis (1907 XS)",9.95,0.0786
"   628 Christine (1907 XT)",9.25,0.1426
"   629 Bernardina (1907 XU)",10.0,0.2140
"   630 Euphemia (1907 XW)",11.00,0.2375
"   631 Philippina (1907 YJ)",8.70,0.1760
"   633 Zelima (1907 ZM)",9.73,0.1918
"   634 Ute (1907 ZN)",9.7,0.0530
"   635 Vundtia (1907 ZS)",9.01,0.0456
"   636 Erika (1907 XP)",9.50,0.0507
"   637 Chrysothemis (1907 YE)",11.5,0.0633
"   638 Moira (1907 ZQ)",10.0,0.0496
"   639 Latona (1907 ZT)",8.20,0.1826
"   640 Brambilla (1907 ZW)",9.1,0.0686
"   642 Clara (1907 ZY)",9.98,0.1617
"   644 Cosima (1907 AA)",11.13,0.1572
"   651 Antikleia (1907 AN)",10.01,0.1603
"   652 Jubilatrix (1907 AU)",10.9,0.1710
"   653 Berenike (1907 BK)",9.2,0.2444
"   654 Zelinda (1908 BM)",8.52,0.0425
"   655 Briseis (1907 BF)",9.9,0.2693
"   656 Beagle (1908 BU)",10.00,0.0625
"   657 Gunlod (1908 BV)",10.93,0.0415
"   658 Asteria (1908 BW)",10.54,0.2040
"   660 Crescentia (1908 CC)",9.14,0.2186
"   661 Cloelia (1908 CL)",9.6,0.1076
"   662 Newtonia (1908 CW)",10.3,0.1999
"   663 Gerlinde (1908 DG)",9.21,0.0359
"   664 Judith (1908 DH)",9.97,0.0344
"   665 Sabine (1908 DK)",8.6,0.3895
"   666 Desdemona (1908 DM)",10.6,0.1055
"   667 Denise (1908 DN)",9.4,0.0737
"   668 Dora (1908 DO)",12.0,0.0467
"   669 Kypria (1908 DQ)",10.24,0.1405
"   670 Ottegebe (1908 DR)",9.4,0.1830
"   671 Carnegia (1908 DV)",10.2,0.0512
"   673 Edda (1908 EA)",10.20,0.1044
"   674 Rachele (1908 EP)",7.42,0.2007
"   676 Melitta (1909 FN)",9.4,0.0526
"   677 Aaltje (1909 FR)",9.5,0.2794
"   678 Fredegundis (1909 FS)",9.02,0.2494
"   679 Pax (1909 FY)",9.01,0.1660
"   680 Genoveva (1909 GW)",9.31,0.0474
"   683 Lanzia (1909 HC)",8.7,0.1474
"   685 Hermia (1909 HE)",11.9,0.2807
"   686 Gersuind (1909 HF)",9.67,0.1416
"   688 Melanie (1909 HH)",10.59,0.0599
"   689 Zita (1909 HJ)",12.15,0.1183
"   690 Wratislavia (1909 HZ)",8.02,0.0604
"   691 Lehigh (1909 JG)",9.2,0.0438
"   693 Zerbinetta (1909 HN)",9.5,0.0683
"   694 Ekard (1909 JA)",9.17,0.0460
"   695 Bella (1909 JB)",9.30,0.1450
"   696 Leonora (1910 JJ)",9.4,0.0773
"   697 Galilea (1910 JO)",9.63,0.0387
"   698 Ernestina (1910 JX)",10.9,0.1269
"   700 Auravictrix (1910 KE)",11.0,0.2455
"   701 Oriola (1910 KN)",9.25,0.2184
"   702 Alauda (1910 KQ)",7.25,0.0587
"   704 Interamnia (1910 KU)",5.94,0.0742
"   705 Erminia (1910 KV)",8.39,0.0432
"   706 Hirundo (1910 KX)",10.9,0.1721
"   708 Raphaela (1911 LJ)",10.61,0.2193
"   709 Fringilla (1911 LK)",9.04,0.0459
"   710 Gertrud (1911 LM)",11.1,0.0893
"   712 Boliviana (1911 LO)",8.32,0.0510
"   714 Ulula (1911 LW)",9.0,0.2711
"   715 Transvaalia (1911 LX)",10.0,0.2606
"   716 Berkeley (1911 MD)",10.84,0.1801
"   717 Wisibada (1911 MJ)",11.10,0.0666
"   718 Erida (1911 MS)",9.6,0.0399
"   720 Bohlinia (1911 MW)",9.6,0.2029
"   723 Hammonia (1911 NB)",9.9,0.1829
"   725 Amanda (1911 ND)",11.81,0.0721
"   726 Joella (1911 NM)",10.57,0.0539
"   727 Nipponia (1912 NT)",9.5,0.2423
"   729 Watsonia (1912 OD)",9.31,0.1381
"   731 Sorga (1912 OQ)",9.62,0.1436
"   732 Tjilaki (1912 OR)",10.4,0.0655
"   734 Benda (1912 PH)",9.8,0.0464
"   735 Marghanna (1912 PY)",9.55,0.0484
"   736 Harvard (1912 PZ)",11.64,0.1406
"   737 Arequipa (1912 QB)",8.81,0.2723
"   738 Alagasta (1913 QO)",10.13,0.0398
"   739 Mandeville (1913 QR)",8.50,0.0608
"   740 Cantabia (1913 QS)",9.1,0.0552
"   741 Botolphia (1913 QT)",10.0,0.1391
"   742 Edisona (1913 QU)",9.55,0.1286
"   743 Eugenisis (1913 QV)",10.2,0.0625
"   744 Aguntina (1913 QW)",10.21,0.0423
"   746 Marlu (1913 QY)",10.00,0.0363
"   747 Winchester (1913 QZ)",7.69,0.0503
"   750 Oskar (1913 RG)",12.13,0.0587
"   751 Faina (1913 RK)",8.66,0.0497
"   752 Sulamitis (1913 RL)",10.2,0.0409
"   753 Tiflis (1913 RM)",10.21,0.2616
"   754 Malabar (1906 UT)",9.19,0.0485
"   755 Quintilla (1908 CZ)",9.81,0.1621
"   756 Lilliana (1908 DC)",9.9,0.0500
"   757 Portlandia (1908 EJ)",10.20,0.1427
"   758 Mancunia (1912 PE)",8.16,0.1317
"   759 Vinifera (1913 SJ)",10.6,0.0548
"   760 Massinga (1913 SL)",7.96,0.2276
"   762 Pulcova (1913 SQ)",8.28,0.0458
"   764 Gedania (1913 SU)",9.6,0.0840
"   766 Moguntia (1913 SW)",10.15,0.1572
"   767 Bondia (1913 SX)",10.0,0.1024
"   769 Tatjana (1913 TA)",8.90,0.0429
"   770 Bali (1913 TE)",10.9,0.2483
"   771 Libera (1913 TO)",10.49,0.1303
"   772 Tanete (1913 TR)",8.33,0.0594
"   773 Irmintraud (1913 TV)",9.10,0.0440
"   774 Armor (1913 TW)",8.7,0.2529
"   775 Lumiere (1914 TX)",10.3,0.1083
"   776 Berbericia (1914 TY)",7.68,0.0655
"   778 Theobalda (1914 UA)",9.66,0.0589
"   779 Nina (1914 UB)",7.9,0.1440
"   780 Armenia (1914 UC)",9.00,0.0498
"   782 Montefiore (1914 UK)",11.3,0.2919
"   783 Nora (1914 UL)",11.0,0.0635
"   784 Pickeringia (1914 UM)",9.2,0.0555
"   785 Zwetana (1914 UN)",9.45,0.1245
"   786 Bredichina (1914 UO)",8.65,0.0730
"   787 Moskva (1914 UQ)",9.7,0.2559
"   788 Hohensteina (1914 UR)",8.6,0.0787
"   791 Ani (1914 UV)",9.25,0.0329
"   792 Metcalfia (1907 ZC)",10.33,0.0354
"   793 Arizona (1907 ZD)",10.26,0.1659
"   794 Irenaea (1914 VB)",11.2,0.0502
"   795 Fini (1914 VE)",9.9,0.0418
"   796 Sarita (1914 VH)",9.12,0.1966
"   798 Ruth (1914 VT)",9.5,0.1587
"   799 Gudula (1915 WO)",10.2,0.0704
"   801 Helwerthia (1915 WQ)",11.55,0.0384
"   803 Picka (1915 WS)",9.3,0.1181
"   804 Hispania (1915 WT)",7.84,0.0520
"   805 Hormuthia (1915 WW)",9.82,0.0465
"   807 Ceraskia (1915 WY)",10.56,0.1532
"   808 Merxia (1901 GY)",9.70,0.2207
"   813 Baumeia (1915 YR)",11.5,0.2027
"   814 Tauris (1916 YT)",8.74,0.0470
"   815 Coppelia (1916 YU)",10.7,0.2089
"   816 Juliana (1916 YV)",10.4,0.0311
"   817 Annika (1916 YW)",10.6,0.1740
"   818 Kapteynia (1916 YZ)",9.2,0.1655
"   820 Adriana (1916 ZB)",10.4,0.0204
"   823 Sisigambis (1916 ZG)",11.1,0.1793
"   824 Anastasia (1916 ZH)",10.41,0.1039
"   825 Tanina (1916 ZL)",11.50,0.2624
"   826 Henrika (1916 ZO)",11.5,0.1435
"   828 Lindemannia (1916 ZX)",10.33,0.0457
"   829 Academia (1916 ZY)",11.0,0.0484
"   834 Burnhamia (1916 AD)",9.39,0.0698
"   838 Seraphina (1916 AH)",10.09,0.0455
"   839 Valborg (1916 AJ)",10.6,0.3534
"   845 Naema (1916 AS)",10.2,0.0788
"   846 Lipperta (1916 AT)",10.26,0.0506
"   847 Agnia (1915 XX)",10.29,0.1720
"   849 Ara (1912 NY)",8.10,0.2660
"   850 Altona (1916 S24)",9.60,0.0390
"   851 Zeissia (1916 S26)",11.62,0.2646
"   852 Wladilena (1916 S27)",10.0,0.3660
"   853 Nansenia (1916 S28)",11.67,0.0511
"   857 Glasenappia (1916 S33)",11.32,0.2318
"   858 El Djezair (1916 a)",10.2,0.3197
"   860 Ursina (1917 BD)",10.26,0.1618
"   861 Aida (1917 BE)",9.60,0.0571
"   862 Franzia (1917 BF)",9.8,0.1368
"   865 Zubaida (1917 BO)",11.6,0.0972
"   866 Fatme (1917 BQ)",9.5,0.0473
"   867 Kovacia (1917 BS)",11.4,0.0923
"   868 Lova (1917 BU)",10.22,0.0524
"   869 Mellena (1917 BV)",11.8,0.0565
"   872 Holda (1917 BZ)",9.91,0.2127
"   873 Mechthild (1917 CA)",11.49,0.0531
"   874 Rotraut (1917 CC)",10.1,0.0554
"   875 Nymphe (1917 CF)",11.1,0.2346
"   876 Scott (1917 CH)",10.89,0.1626
"   877 Walkure (1915 S7)",10.71,0.0623
"   882 Swetlana (1917 CM)",10.6,0.0588
"   885 Ulrike (1917 CX)",10.6,0.0830
"   886 Washingtonia (1917 b)",9.3,0.0713
"   888 Parysatis (1918 DC)",9.51,0.1392
"   890 Waltraut (1918 DK)",10.78,0.1153
"   891 Gunhild (1918 DQ)",9.9,0.0718
"   893 Leopoldina (1918 DS)",9.47,0.0497
"   894 Erda (1918 DT)",9.6,0.2300
"   896 Sphinx (1918 DV)",11.6,0.1971
"   897 Lysistrata (1918 DZ)",10.37,0.2619
"   899 Jokaste (1918 EB)",10.14,0.2026
"   900 Rosalinde (1918 EC)",11.74,0.1008
"   904 Rockefellia (1918 EO)",10.3,0.0561
"   905 Universitas (1918 ES)",11.59,0.0849
"   907 Rhoda (1918 EU)",9.76,0.0560
"   908 Buda (1918 EX)",10.69,0.1576
"   910 Anneliese (1919 FB)",10.4,0.0605
"   912 Maritima (1919 FJ)",9.2,0.1115
"   914 Palisana (1919 FN)",8.76,0.0943
"   916 America (1915 S1)",11.4,0.0530
"   917 Lyka (1915 S4)",11.5,0.0891
"   918 Itha (1919 FR)",10.6,0.2220
"   919 Ilsebill (1918 EQ)",11.30,0.0698
"   920 Rogeria (1919 FT)",11.19,0.1035
"   921 Jovita (1919 FV)",9.9,0.0297
"   923 Herluga (1919 GB)",11.50,0.0421
"   924 Toni (1919 GC)",9.37,0.0432
"   925 Alphonsina (1920 GM)",8.33,0.2786
"   926 Imhilde (1920 GN)",10.5,0.0570
"   928 Hildrun (1920 GP)",9.9,0.0365
"   930 Westphalia (1920 GS)",11.1,0.0366
"   931 Whittemora (1920 GU)",9.26,0.1704
"   933 Susi (1927 CH)",12.5,0.0707
"   934 Thuringia (1920 HK)",10.0,0.0471
"   935 Clivia (1920 HM)",12.8,0.1974
"   936 Kunigunde (1920 HN)",10.4,0.1129
"   938 Chlosinde (1920 HQ)",11.3,0.1178
"   943 Begonia (1920 HX)",9.77,0.0456
"   945 Barcelona (1921 JB)",10.13,0.2416
"   946 Poesia (1921 JC)",10.42,0.0627
"   947 Monterosa (1921 JD)",9.80,0.2937
"   949 Hel (1921 JK)",9.70,0.0487
"   950 Ahrensa (1921 JP)",11.1,0.1793
"   952 Caia (1916 S61)",9.3,0.0554
"   953 Painleva (1921 JT)",10.0,0.1670
"   954 Li (1921 JU)",9.94,0.0555
"   955 Alstede (1921 JV)",10.7,0.2135
"   957 Camelia (1921 JX)",9.9,0.0429
"   959 Arne (1921 KF)",10.6,0.0446
"   961 Gunnie (1921 KM)",11.4,0.0373
"   965 Angelica (1921 KT)",10.2,0.0739
"   966 Muschi (1921 KU)",9.91,0.3497
"   967 Helionape (1921 KV)",11.8,0.1782
"   968 Petunia (1921 KW)",10.01,0.1803
"   969 Leocadia (1921 KZ)",12.57,0.0435
"   971 Alsatia (1921 LF)",10.05,0.0415
"   972 Cohnia (1922 LK)",9.50,0.0489
"   974 Lioba (1922 LS)",10.30,0.3965
"   975 Perseverantia (1922 LT)",10.41,0.1726
"   977 Philippa (1922 LV)",9.67,0.0555
"   978 Aidamina (1922 LY)",9.73,0.0365
"   979 Ilsewa (1922 MC)",9.7,0.1567
"   980 Anacostia (1921 W19)",7.85,0.1723
"   981 Martina (1917 S92)",10.57,0.1254
"   982 Franklina (1922 MD)",9.9,0.1838
"   983 Gunila (1922 ME)",9.58,0.0477
"   984 Gretia (1922 MH)",9.03,0.4239
"   986 Amelia (1922 MQ)",9.3,0.1183
"   987 Wallia (1922 MR)",9.5,0.1765
"   988 Appella (1922 MT)",11.5,0.0871
"   989 Schwassmannia (1922 MW)",11.8,0.2035
"   990 Yerkes (1922 MZ)",11.7,0.1303
"   991 McDonalda (1922 NB)",11.12,0.0638
"   992 Swasey (1922 ND)",10.5,0.1132
"   994 Otthild (1923 NL)",10.30,0.2247
"   995 Sternberga (1923 NP)",10.2,0.1341
"   996 Hilaritas (1923 NM)",10.88,0.0901
"   997 Priska (1923 NR)",12.4,0.0801
"   998 Bodea (1923 NU)",11.5,0.0211
"   999 Zachia (1923 NW)",10.8,0.1994
"  1000 Piazzia (1923 NZ)",10.6,0.1119
"  1002 Olbersia (1923 OB)",10.9,0.0621
"  1005 Arago (1923 OT)",9.9,0.0697
"  1006 Lagrangea (1923 OU)",11.3,0.0670
"  1008 La Paz (1923 PD)",10.6,0.0819
"  1010 Marlene (1923 PF)",10.6,0.0647
"  1012 Sarema (1924 PM)",12.41,0.0430
"  1013 Tombecka (1924 PQ)",10.12,0.1552
"  1017 Jacqueline (1924 QL)",11.0,0.0544
"  1018 Arnolda (1924 QM)",10.62,0.3701
"  1021 Flammario (1924 RG)",8.98,0.0458
"  1022 Olympiada (1924 RT)",10.2,0.1600
"  1023 Thomana (1924 RU)",9.76,0.0649
"  1024 Hale (A923 YO13)",10.7,0.0594
"  1027 Aesculapia (A923 YO11)",10.8,0.0981
"  1029 La Plata (1924 RK)",10.88,0.1819
"  1030 Vitja (1924 RQ)",10.2,0.0326
"  1031 Arctica (1924 RR)",9.56,0.0465
"  1032 Pafuri (1924 SA)",10.00,0.0591
"  1033 Simona (1924 SM)",11.1,0.1147
"  1034 Mozartia (1924 SS)",12.1,0.3567
"  1035 Amata (1924 SW)",10.2,0.0522
"  1039 Sonneberga (1924 TL)",11.4,0.0476
"  1040 Klumpkea (1925 BD)",10.3,0.0630
"  1041 Asta (1925 FA)",10.1,0.0591
"  1043 Beate (1925 HB)",9.6,0.2147
"  1044 Teutonia (1924 RO)",10.7,0.3340
"  1048 Feodosia (1924 TP)",9.75,0.0452
"  1049 Gotho (1925 RB)",10.4,0.0109
"  1054 Forsytia (1925 WD)",10.4,0.0648
"  1057 Wanda (1925 QB)",10.96,0.0446
"  1062 Ljuba (1925 TD)",9.85,0.0668
"  1063 Aquilegia (1925 XA)",11.38,0.1572
"  1064 Aethusa (1926 PA)",10.6,0.3202
"  1069 Planckia (1927 BC)",9.30,0.2158
"  1071 Brita (1924 RE)",10.3,0.0637
"  1072 Malva (1926 TA)",10.8,0.0549
"  1073 Gellivara (1923 OW)",11.7,0.0241
"  1074 Beljawskya (1925 BE)",10.1,0.0772
"  1075 Helina (1926 SC)",10.15,0.1220
"  1076 Viola (1926 TE)",12.30,0.0415
"  1079 Mimosa (1927 AD)",11.0,0.1367
"  1080 Orchis (1927 QB)",12.20,0.0430
"  1081 Reseda (1927 QF)",10.9,0.0372
"  1082 Pirola (1927 UC)",10.41,0.0655
"  1084 Tamariwa (1926 CC)",10.78,0.1165
"  1085 Amaryllis (1927 QH)",9.7,0.0628
"  1086 Nata (1927 QL)",9.5,0.0767
"  1087 Arabis (1927 RD)",9.73,0.2248
"  1089 Tama (1927 WB)",11.7,0.2424
"  1092 Lilium (1924 PN)",10.82,0.0390
"  1093 Freda (1925 LA)",8.83,0.0381
"  1094 Siberia (1926 CB)",11.6,0.0943
"  1095 Tulipa (1926 GS)",10.42,0.1208
"  1096 Reunerta (1928 OB)",10.7,0.0638
"  1097 Vicia (1928 PC)",11.9,0.0831
"  1098 Hakone (1928 RJ)",10.4,0.2404
"  1099 Figneria (1928 RQ)",10.2,0.1415
"  1102 Pepita (1928 VA)",9.40,0.1991
"  1104 Syringa (1928 XA)",12.2,0.0362
"  1105 Fragaria (1929 AB)",10.09,0.1186
"  1107 Lictoria (1929 FB)",9.5,0.0646
"  1108 Demeter (1929 KA)",11.91,0.0464
"  1112 Polonia (1928 PE)",10.05,0.1319
"  1113 Katja (1928 QC)",9.3,0.2071
"  1114 Lorraine (1928 WA)",10.0,0.0501
"  1115 Sabauda (1928 XC)",9.6,0.0711
"  1116 Catriona (1929 GD)",9.8,0.1522
"  1119 Euboea (1927 UB)",11.3,0.0590
"  1122 Neith (1928 SB)",11.7,0.4450
"  1124 Stroobantia (1928 TB)",10.67,0.1569
"  1126 Otero (1929 AC)",11.8,0.1786
"  1127 Mimi (1929 AJ)",10.95,0.0336
"  1128 Astrid (1929 EB)",10.8,0.0770
"  1129 Neujmina (1929 PH)",10.20,0.1216
"  1135 Colchis (1929 TA)",10.5,0.0573
"  1136 Mercedes (1929 UA)",11.1,0.1100
"  1137 Raissa (1929 WB)",10.6,0.1592
"  1140 Crimea (1929 YC)",10.28,0.1772
"  1141 Bohmia (1930 AA)",13.3,0.0540
"  1145 Robelmonte (1929 CC)",11.3,0.1186
"  1146 Biarmia (1929 JF)",9.80,0.2190
"  1148 Rarahu (1929 NA)",10.15,0.1393
"  1149 Volga (1929 PF)",10.57,0.0338
"  1152 Pawona (1930 AD)",11.0,0.2167
"  1155 Aenna (1928 BD)",11.9,0.3278
"  1158 Luda (1929 QF)",10.80,0.2329
"  1159 Granada (1929 RD)",11.55,0.0471
"  1161 Thessalia (1929 SF)",11.1,0.0439
"  1165 Imprinetta (1930 HM)",10.6,0.0562
"  1166 Sakuntala (1930 MA)",10.3,0.6460
"  1168 Brandia (1930 QA)",12.53,0.1526
"  1171 Rusthawelia (1930 TA)",9.90,0.0394
"  1174 Marmara (1930 UC)",11.4,0.1065
"  1176 Lucidor (1930 VE)",11.4,0.0821
"  1178 Irmela (1931 EC)",11.81,0.0916
"  1182 Ilona (1927 EA)",11.5,0.2624
"  1183 Jutta (1930 DC)",12.3,0.0797
"  1186 Turnera (1929 PL)",9.20,0.2919
"  1187 Afra (1929 XC)",11.4,0.0527
"  1188 Gothlandia (1930 SB)",11.5,0.2401
"  1189 Terentia (1930 SG)",9.8,0.0566
"  1190 Pelagia (1930 SL)",12.6,0.0636
"  1191 Alfaterna (1931 CA)",10.8,0.0574
"  1194 Aletta (1931 JG)",10.6,0.0479
"  1196 Sheba (1931 KE)",10.26,0.1634
"  1197 Rhodesia (1931 LD)",10.1,0.0783
"  1199 Geldonia (1931 RF)",10.36,0.1299
"  1200 Imperatrix (1931 RH)",10.8,0.0714
"  1201 Strenua (1931 RK)",11.3,0.0401
"  1203 Nanna (1931 TA)",11.6,0.0473
"  1207 Ostenia (1931 VT)",10.8,0.1338
"  1210 Morosovia (1931 LB)",9.91,0.1695
"  1211 Bressole (1931 XA)",11.0,0.0695
"  1213 Algeria (1931 XD)",11.1,0.0767
"  1214 Richilde (1932 AA)",11.1,0.0619
"  1219 Britta (1932 CJ)",11.7,0.2267
"  1222 Tina (1932 LA)",11.2,0.3086
"  1224 Fantasia (1927 SD)",11.36,0.2599
"  1226 Golia (1930 HL)",12.1,0.2388
"  1231 Auricula (1931 TE2)",12.2,0.0798
"  1232 Cortusa (1931 TF2)",10.20,0.1339
"  1233 Kobresia (1931 TG2)",11.5,0.0475
"  1234 Elyna (1931 UF)",10.8,0.0672
"  1236 Thais (1931 VX)",11.93,0.0599
"  1237 Genevieve (1931 XB)",10.70,0.0585
"  1238 Predappia (1932 CA)",12.1,0.0771
"  1239 Queteleta (1932 CB)",12.4,0.0695
"  1240 Centenaria (1932 CD)",10.1,0.0673
"  1241 Dysona (1932 EB1)",9.45,0.0425
"  1242 Zambesia (1932 HL)",10.3,0.0708
"  1243 Pamela (1932 JE)",9.6,0.0483
"  1244 Deira (1932 KE)",11.5,0.0557
"  1245 Calvinia (1932 KF)",9.9,0.2713
"  1246 Chaka (1932 OA)",10.8,0.2351
"  1247 Memoria (1932 QA)",10.52,0.0846
"  1249 Rutherfordia (1932 VB)",11.54,0.2778
"  1250 Galanthus (1933 BD)",12.26,0.0500
"  1252 Celestia (1933 DG)",10.89,0.2573
"  1253 Frisia (1931 TV1)",12.0,0.0657
"  1254 Erfordia (1932 JA)",10.5,0.0409
"  1255 Schilowa (1932 NC)",10.3,0.1389
"  1258 Sicilia (1932 PG)",10.6,0.0564
"  1259 Ogyalla (1933 BT)",10.5,0.0641
"  1261 Legia (1933 FB)",11.1,0.0719
"  1262 Sniadeckia (1933 FE)",10.25,0.0529
"  1263 Varsavia (1933 FF)",10.2,0.0459
"  1264 Letaba (1933 HG)",9.6,0.0725
"  1267 Geertruida (1930 HD)",12.1,0.0466
"  1271 Isergina (1931 TN)",10.3,0.0517
"  1275 Cimbria (1932 WG)",10.72,0.1109
"  1276 Ucclia (1933 BA)",10.8,0.1303
"  1277 Dolores (1933 HA)",11.05,0.0879
"  1281 Jeanne (1933 QJ)",11.5,0.0864
"  1282 Utopia (1933 QM1)",10.2,0.0627
"  1283 Komsomolia (1925 SC)",10.4,0.1856
"  1284 Latvia (1933 OP)",10.24,0.1045
"  1285 Julietta (1933 QF)",10.8,0.0610
"  1287 Lorcia (1933 QL)",11.07,0.1328
"  1289 Kutaissi (1933 QR)",10.73,0.1374
"  1291 Phryne (1933 RA)",10.3,0.1818
"  1294 Antwerpia (1933 UB1)",10.6,0.1220
"  1296 Andree (1933 WE)",11.7,0.1209
"  1298 Nocturna (1934 AE)",11.0,0.0578
"  1300 Marcelle (1934 CL)",11.4,0.0995
"  1301 Yvonne (1934 EA)",11.3,0.1632
"  1304 Arosa (1928 KC)",9.1,0.3480
"  1306 Scythia (1930 OB)",9.71,0.0512
"  1308 Halleria (1931 EB)",10.80,0.0454
"  1311 Knopfia (1933 FF1)",12.3,0.1178
"  1312 Vassar (1933 OT)",10.7,0.0643
"  1314 Paula (1933 SC)",12.68,0.1171
"  1318 Nerina (1934 FG)",12.2,0.1811
"  1320 Impala (1934 JG)",10.8,0.0775
"  1321 Majuba (1934 JH)",10.28,0.1439
"  1325 Inanda (1934 NR)",12.1,0.3756
"  1326 Losaka (1934 NS)",10.92,0.1499
"  1327 Namaqua (1934 RT)",12.0,0.0404
"  1330 Spiridonia (1925 DB)",10.0,0.0498
"  1331 Solvejg (1933 QS)",10.14,0.1509
"  1332 Marconia (1934 AA)",10.5,0.0756
"  1334 Lundmarka (1934 OB)",10.3,0.0600
"  1336 Zeelandia (1934 RW)",10.66,0.2183
"  1337 Gerarda (1934 RA1)",11.2,0.0441
"  1339 Desagneauxa (1934 XB)",10.7,0.1589
"  1340 Yvette (1934 YA)",11.10,0.0958
"  1341 Edmee (1935 BA)",10.58,0.1371
"  1342 Brabantia (1935 CV)",11.35,0.1573
"  1343 Nicole (1935 FC)",10.9,0.1076
"  1347 Patria (1931 VW)",11.2,0.0386
"  1350 Rosselia (1934 TA)",10.78,0.1579
"  1351 Uzbekistania (1934 TF)",9.9,0.0606
"  1352 Wawel (1935 CE)",11.1,0.1491
"  1353 Maartje (1935 CU)",9.8,0.1073
"  1354 Botha (1935 GK)",11.0,0.0225
"  1356 Nyanza (1935 JH)",10.2,0.0462
"  1357 Khama (1935 ND)",11.03,0.0272
"  1358 Gaika (1935 OB)",12.4,0.0585
"  1359 Prieska (1935 OC)",10.3,0.0413
"  1360 Tarka (1935 OD)",11.4,0.0790
"  1361 Leuschneria (1935 QA)",10.9,0.0924
"  1366 Piccolo (1932 WA)",10.45,0.1538
"  1368 Numidia (1935 HD)",10.92,0.2035
"  1369 Ostanina (1935 QB)",10.6,0.0545
"  1372 Haremari (1935 QK)",11.0,0.0409
"  1378 Leonce (1936 DB)",12.2,0.0773
"  1383 Limburgia (1934 RV)",12.0,0.0891
"  1384 Kniertje (1934 RX)",11.5,0.3077
"  1385 Gelria (1935 MJ)",10.70,0.1883
"  1388 Aphrodite (1935 SS)",10.9,0.1317
"  1392 Pierre (1936 FO)",11.72,0.0519
"  1396 Outeniqua (1936 PF)",11.9,0.2335
"  1398 Donnera (1936 QL)",10.2,0.1913
"  1403 Idelsonia (1936 QA)",11.5,0.0945
"  1405 Sibelius (1936 RE)",12.5,0.1432
"  1406 Komppa (1936 RF)",11.4,0.1517
"  1407 Lindelof (1936 WC)",10.9,0.2309
"  1408 Trusanda (1936 WF)",11.2,0.0668
"  1409 Isko (1937 AK)",11.1,0.0805
"  1410 Margret (1937 AL)",11.0,0.1763
"  1411 Brauna (1937 AM)",10.90,0.0794
"  1413 Roucarie (1937 CD)",11.3,0.1677
"  1414 Jerome (1937 CE)",13.0,0.0652
"  1415 Malautra (1937 EA)",12.19,0.1123
"  1416 Renauxa (1937 EC)",10.6,0.1459
"  1418 Fayeta (1903 RG)",12.09,0.2571
"  1421 Esperanto (1936 FQ)",10.30,0.0714
"  1423 Jose (1936 QM)",10.8,0.1632
"  1424 Sundmania (1937 AJ)",9.8,0.0559
"  1425 Tuorla (1937 GB)",11.3,0.2390
"  1426 Riviera (1937 GF)",10.80,0.3546
"  1427 Ruvuma (1937 KB)",11.1,0.0657
"  1428 Mombasa (1937 NO)",10.2,0.0240
"  1434 Margot (1936 FD1)",10.43,0.1353
"  1435 Garlena (1936 WE)",13.0,0.0432
"  1436 Salonta (1936 YA)",10.2,0.0339
"  1441 Bolyai (1937 WA)",13.10,0.0467
"  1444 Pannonia (1938 AE)",11.3,0.4748
"  1448 Lindbladia (1938 DF)",12.8,0.0378
"  1450 Raimonda (1938 DP)",12.3,0.1387
"  1458 Mineura (1937 RC)",11.3,0.1502
"  1459 Magnya (1937 VA)",10.3,0.2168
"  1461 Jean-Jacques (1937 YL)",10.01,0.1613
"  1462 Zamenhof (1938 CA)",11.2,0.1268
"  1463 Nordenmarkia (1938 CB)",10.5,0.0514
"  1466 Mundleria (1938 KA)",12.1,0.0664
"  1469 Linzia (1938 QD)",9.8,0.0734
"  1470 Carla (1938 SD)",11.1,0.0515
"  1471 Tornio (1938 SL1)",11.0,0.0849
"  1473 Ounas (1938 UT)",11.7,0.1089
"  1481 Tubingia (1938 DR)",10.34,0.1167
"  1484 Postrema (1938 HC)",10.8,0.0137
"  1487 Boda (1938 WC)",11.1,0.1195
"  1489 Attila (1939 GC)",11.6,0.0700
"  1490 Limpopo (1936 LB)",12.00,0.0811
"  1492 Oppolzer (1938 FL)",12.9,0.0890
"  1493 Sigrid (1938 QB)",11.99,0.0489
"  1495 Helsinki (1938 SW)",11.4,0.1200
"  1501 Baade (1938 UJ)",11.9,0.2093
"  1502 Arenda (1938 WB)",11.5,0.0367
"  1503 Kuopio (1938 XD)",10.4,0.2995
"  1504 Lappeenranta (1939 FM)",11.88,0.1939
"  1505 Koranna (1939 HH)",11.3,0.0929
"  1510 Charlois (1939 DC)",11.5,0.1033
"  1511 Dalera (1939 FB)",12.70,0.0614
"  1516 Henry (1938 BG)",11.9,0.0536
"  1517 Beograd (1938 FD)",11.10,0.0491
"  1519 Kajaani (1938 UB)",11.5,0.0700
"  1520 Imatra (1938 UY)",10.3,0.0615
"  1524 Joensuu (1939 SB)",10.6,0.0462
"  1525 Savonlinna (1939 SC)",12.8,0.1306
"  1532 Inari (1938 SM)",10.7,0.0562
"  1533 Saimaa (1939 BD)",10.82,0.1216
"  1534 Nasi (1939 BK)",11.8,0.0754
"  1535 Paijanne (1939 RC)",11.3,0.1299
"  1537 Transylvania (1940 QA)",12.3,0.1619
"  1540 Kevola (1938 WK)",10.7,0.0433
"  1541 Estonia (1939 CK)",11.3,0.1434
"  1542 Schalen (1941 QE)",10.5,0.0656
"  1544 Vinterhansenia (1941 UK)",11.9,0.0784
"  1545 Thernoe (1941 UW)",11.7,0.0962
"  1548 Palomaa (1935 FK)",11.50,0.0634
"  1549 Mikko (1937 GA)",12.3,0.3761
"  1552 Bessel (1938 DE1)",11.3,0.2042
"  1562 Gondolatsch (1943 EE)",11.9,0.2536
"  1569 Evita (1948 PA)",11.2,0.0558
"  1571 Cesco (1950 FJ)",11.5,0.0530
"  1572 Posnania (1949 SC)",10.1,0.1563
"  1573 Vaisala (1949 UA)",12.30,0.2226
"  1575 Winifred (1950 HH)",12.0,0.2452
"  1576 Fabiola (1948 SA)",11.04,0.0913
"  1581 Abanderada (1950 LA1)",10.85,0.0523
"  1582 Martir (1950 LY)",11.2,0.0570
"  1584 Fuji (1927 CR)",10.67,0.2025
"  1585 Union (1947 RG)",10.66,0.0378
"  1586 Thiele (1939 CJ)",12.1,0.1575
"  1590 Tsiolkovskaja (1933 NA)",11.6,0.2095
"  1591 Baize (1951 KA)",11.3,0.1056
"  1592 Mathieu (1951 LA)",11.9,0.2232
"  1594 Danjon (1949 WA)",11.8,0.1743
"  1595 Tanga (1930 ME)",12.02,0.0557
"  1596 Itzigsohn (1951 EV)",10.6,0.0496
"  1598 Paloque (1950 CA)",12.7,0.1299
"  1599 Giomus (1950 WA)",11.00,0.0450
"  1603 Neva (1926 VH)",10.8,0.0594
"  1604 Tombaugh (1931 FH)",10.4,0.1038
"  1605 Milankovitch (1936 GA)",10.2,0.1529
"  1607 Mavis (1950 RA)",11.3,0.2826
"  1609 Brenda (1951 NL)",10.5,0.1147
"  1613 Smiley (1950 SD)",11.6,0.0883
"  1614 Goldschmidt (1952 HA)",10.70,0.0432
"  1615 Bardwell (1950 BW)",11.38,0.0642
"  1616 Filipoff (1950 EA)",11.2,0.0751
"  1618 Dawn (1948 NF)",11.1,0.1157
"  1621 Druzhba (1926 TM)",11.63,0.2373
"  1624 Rabe (1931 TT1)",11.3,0.1028
"  1628 Strobel (1923 OG)",10.02,0.0532
"  1629 Pecker (1952 DB)",12.4,0.1847
"  1630 Milet (1952 DA)",11.5,0.1459
"  1631 Kopff (1936 UC)",12.2,0.2497
"  1632 Siebohme (1941 DF)",11.7,0.0748
"  1633 Chimay (1929 EC)",10.6,0.0854
"  1636 Porter (1950 BH)",12.2,0.1197
"  1637 Swings (1936 QO)",10.4,0.0415
"  1639 Bower (1951 RB)",10.98,0.0541
"  1641 Tana (1935 OJ)",10.5,0.0739
"  1645 Waterfield (1933 OJ)",11.0,0.0991
"  1650 Heckmann (1937 TG)",11.56,0.0497
"  1654 Bojeva (1931 TL)",10.6,0.1162
"  1655 Comas Sola (1929 WG)",11.04,0.0726
"  1659 Punkaharju (1940 YL)",9.8,0.1654
"  1663 van den Bos (1926 PE)",11.8,0.1584
"  1669 Dagmar (1934 RS)",10.97,0.0565
"  1674 Groeneveld (1938 DS)",11.06,0.0888
"  1675 Simonida (1938 FB)",11.8,0.2480
"  1678 Hveen (1940 YH)",10.8,0.0486
"  1679 Nevanlinna (1941 FR)",10.60,0.0388
"  1680 Per Brahe (1942 CH)",11.0,0.2903
"  1684 Iguassu (1951 QE)",10.9,0.1202
"  1687 Glarona (1965 SC)",10.25,0.1219
"  1690 Mayrhofer (1948 VB)",11.0,0.0767
"  1692 Subbotina (1936 QD)",11.2,0.0479
"  1693 Hertzsprung (1935 LA)",10.97,0.0484
"  1695 Walbeck (1941 UO)",12.40,0.0504
"  1698 Christophe (1934 CS)",11.20,0.0938
"  1700 Zvezdara (1940 QC)",12.47,0.0425
"  1701 Okavango (1953 NJ)",10.6,0.2141
"  1702 Kalahari (A924 NC)",11.03,0.0640
"  1703 Barry (1930 RB)",12.0,0.2187
"  1705 Tapio (1941 SL1)",13.2,0.1175
"  1708 Polit (1929 XA)",11.7,0.0392
"  1712 Angola (1935 KC)",10.1,0.0600
"  1714 Sy (1951 OA)",11.9,0.1088
"  1715 Salli (1938 GK)",12.10,0.0479
"  1716 Peter (1934 GF)",12.0,0.0661
"  1719 Jens (1950 DP)",11.6,0.1489
"  1721 Wells (1953 TD3)",10.9,0.0528
"  1723 Klemola (1936 FX)",10.06,0.1707
"  1724 Vladimir (1932 DC)",11.30,0.0441
"  1726 Hoffmeister (1933 OE)",12.3,0.0370
"  1731 Smuts (1948 PH)",10.4,0.0604
"  1732 Heike (1943 EY)",10.8,0.1108
"  1734 Zhongolovich (1928 TJ)",11.70,0.0456
"  1735 ITA (1948 RJ1)",9.9,0.0790
"  1737 Severny (1966 TJ)",11.0,0.1811
"  1742 Schaifers (1934 RO)",11.20,0.1446
"  1743 Schmidt (4109 P-L)",12.48,0.0603
"  1755 Lorbach (1936 VD)",10.77,0.1117
"  1760 Sandra (1950 GB)",10.9,0.0345
"  1764 Cogshall (1953 VM1)",11.3,0.0852
"  1765 Wrubel (1957 XB)",9.92,0.1061
"  1768 Appenzella (1965 SA)",12.70,0.0338
"  1771 Makover (1968 BD)",10.3,0.0501
"  1776 Kuiper (2520 P-L)",11.2,0.0544
"  1780 Kippes (A906 RA)",10.68,0.1212
"  1783 Albitskij (1935 FJ)",11.9,0.0738
"  1784 Benguella (1935 MG)",12.1,0.0763
"  1791 Patsayev (1967 RE)",11.80,0.0509
"  1794 Finsen (1970 GA)",11.08,0.0469
"  1795 Woltjer (4010 P-L)",11.9,0.0459
"  1799 Koussevitzky (1950 OE)",11.3,0.1426
"  1801 Titicaca (1952 SP1)",11.1,0.1309
"  1805 Dirikis (1970 GD)",11.3,0.1065
"  1808 Bellerophon (2517 P-L)",12.0,0.1076
"  1812 Gilgamesh (4645 P-L)",11.5,0.1450
"  1813 Imhotep (7589 P-L)",11.9,0.0662
"  1815 Beethoven (1932 CE1)",11.36,0.0548
"  1817 Katanga (1939 MB)",11.0,0.1331
"  1819 Laputa (1948 PC)",10.3,0.0614
"  1826 Miller (1955 RC1)",11.1,0.1294
"  1828 Kashirina (1966 PH)",11.3,0.0995
"  1843 Jarmila (1972 AB)",11.8,0.0611
"  1846 Bengt (6553 P-L)",13.7,0.0781
"  1847 Stobbe (A916 CA)",11.2,0.1231
"  1851 Lacroute (1950 VA)",12.6,0.0745
"  1852 Carpenter (1955 GA)",11.3,0.1224
"  1853 McElroy (1957 XE)",10.8,0.2494
"  1878 Hughes (1933 QC)",11.7,0.1399
"  1880 McCrosky (1940 AN)",11.9,0.1025
"  1884 Skip (1943 EB1)",12.1,0.2934
"  1889 Pakhmutova (1968 BE)",11.0,0.0752
"  1895 Larink (1971 UZ)",12.1,0.1099
"  1903 Adzhimushkaj (1972 JL)",10.6,0.0837
"  1904 Massevitch (1972 JM)",11.1,0.1613
"  1908 Pobeda (1972 RL2)",11.1,0.0779
"  1909 Alekhin (1972 RW2)",12.7,0.0700
"  1923 Osiris (4011 P-L)",13.5,0.0591
"  1924 Horus (4023 P-L)",13.4,0.0888
"  1930 Lucifer (1964 UA)",11.0,0.1058
"  1934 Jeffers (1972 XB)",12.4,0.3216
"  1936 Lugano (1973 WD)",11.7,0.1042
"  1937 Locarno (1973 YA)",11.6,0.1786
"  1939 Loretta (1974 UC)",11.0,0.0942
"  1940 Whipple (1975 CA)",11.1,0.0613
"  1942 Jablunka (1972 SA)",13.00,0.0567
"  1947 Iso-Heikkila (1935 EA)",11.4,0.0976
"  1952 Hesburgh (1951 JC)",10.32,0.1041
"  1958 Chandra (1970 SB)",11.1,0.0801
"  1960 Guisan (1973 UA)",11.93,0.0496
"  1961 Dufour (1973 WA)",10.7,0.0402
"  1963 Bezovec (1975 CB)",10.91,0.0383
"  1969 Alain (1935 CG)",11.8,0.0682
"  1970 Sumeria (1954 ER)",12.3,0.0585
"  1984 Fedynskij (1926 TN)",11.10,0.0445
"  1985 Hopmann (1929 AE)",10.80,0.0671
"  1994 Shane (1961 TE)",12.2,0.0640
"  1997 Leverrier (1963 RC)",13.2,0.1662
"  1999 Hirayama (1973 DR)",10.9,0.0882
"  2002 Euler (1973 QQ1)",12.3,0.0839
"  2007 McCuskey (1963 SQ)",12.0,0.0703
"  2009 Voloshina (1968 UL)",11.2,0.0698
"  2016 Heinemann (1938 SE)",11.8,0.1019
"  2020 Ukko (1936 FR)",11.2,0.1051
"  2025 Nortia (1953 LG)",10.6,0.0689
"  2032 Ethel (1970 OH)",11.3,0.0233
"  2038 Bistro (1973 WF)",11.9,0.1342
"  2039 Payne-Gaposchkin (1974 CA)",12.6,0.0253
"  2041 Lancelot (2523 P-L)",12.5,0.1303
"  2043 Ortutay (1936 TH)",10.7,0.0423
"  2052 Tamriko (1976 UN)",10.48,0.1225
"  2054 Gawain (4097 P-L)",12.5,0.0697
"  2057 Rosemary (1934 RQ)",12.4,0.1185
"  2058 Roka (1938 BH)",11.4,0.1542
"  2066 Palala (1934 LB)",12.6,0.0491
"  2068 Dangreen (1948 AD)",11.1,0.0393
"  2069 Hubble (1955 FT)",11.2,0.0538
"  2081 Sazava (1976 DH)",12.14,0.0479
"  2084 Okayama (1935 CK)",12.1,0.0621
"  2091 Sampo (1941 HO)",10.4,0.1582
"  2094 Magnitka (1971 TC2)",11.9,0.1739
"  2103 Laverna (1960 FL)",10.80,0.1625
"  2105 Gudy (1976 DA)",11.2,0.1078
"  2107 Ilmari (1941 VA)",11.40,0.1992
"  2108 Otto Schmidt (1948 TR1)",12.1,0.1215
"  2111 Tselina (1969 LG)",10.45,0.1938
"  2115 Irakli (1976 UD)",11.00,0.1585
"  2116 Mtskheta (1976 UM)",12.3,0.0648
"  2120 Tyumenia (1967 RM)",10.9,0.0721
"  2123 Vltava (1973 SL2)",11.50,0.2135
"  2125 Karl-Ontjes (2005 P-L)",11.9,0.1033
"  2132 Zhukov (1975 TW3)",11.40,0.0593
"  2137 Priscilla (1936 QZ)",11.0,0.0382
"  2138 Swissair (1968 HB)",11.4,0.1741
"  2140 Kemerovo (1970 PE)",11.3,0.0887
"  2147 Kharadze (1976 US)",11.9,0.0439
"  2152 Hannibal (1978 WK)",10.7,0.0508
"  2153 Akiyama (1978 XD)",11.90,0.1089
"  2169 Taiwan (1964 VP1)",12.5,0.0991
"  2171 Kiev (1973 QD1)",12.6,0.0774
"  2177 Oliver (6551 P-L)",11.8,0.1279
"  2179 Platzeck (1965 MA)",11.1,0.1149
"  2182 Semirot (1953 FH1)",11.5,0.0845
"  2183 Neufang (1959 OB)",11.7,0.0472
"  2184 Fujian (1964 TV2)",11.50,0.0642
"  2185 Guangdong (1965 WO)",11.30,0.1840
"  2191 Uppsala (1977 PA1)",11.1,0.1734
"  2192 Pyatigoriya (1972 HP)",11.5,0.0535
"  2197 Shanghai (1965 YN)",11.4,0.1170
"  2209 Tianjin (1978 US1)",11.0,0.2854
"  2214 Carol (1953 GF)",11.8,0.0440
"  2215 Sichuan (1964 VX2)",11.6,0.1398
"  2217 Eltigen (1971 SK2)",11.3,0.1242
"  2218 Wotho (1975 AK)",11.1,0.0673
"  2219 Mannucci (1975 LU)",11.0,0.0594
"  2222 Lermontov (1977 ST1)",11.2,0.0761
"  2224 Tucson (2528 P-L)",11.9,0.1242
"  2237 Melnikov (1938 TB)",11.9,0.1265
"  2238 Steshenko (1972 RQ1)",12.4,0.0937
"  2240 Tsai (1978 YA)",11.80,0.0544
"  2245 Hekatostos (1968 BC)",11.6,0.0622
"  2248 Kanda (1933 DE)",11.20,0.0930
"  2249 Yamamoto (1942 GA)",11.1,0.0352
"  2251 Tikhov (1977 SU1)",11.5,0.0697
"  2255 Qinghai (1977 VK1)",11.6,0.1018
"  2258 Viipuri (1939 TA)",11.8,0.0883
"  2259 Sofievka (1971 OG)",12.4,0.0365
"  2263 Shaanxi (1978 UW1)",11.2,0.1803
"  2264 Sabrina (1979 YK)",10.7,0.1472
"  2269 Efremiana (1976 JA2)",11.0,0.2123
"  2271 Kiso (1976 UV5)",10.9,0.0612
"  2279 Barto (1968 DL)",12.97,0.0475
"  2291 Kevo (1941 FS)",10.7,0.0708
"  2295 Matusovskij (1977 QD1)",11.8,0.0632
"  2297 Daghestan (1978 RE)",11.2,0.1057
"  2304 Slavia (1979 KB)",12.1,0.1372
"  2306 Bauschinger (1939 PM)",12.1,0.1076
"  2307 Garuda (1957 HJ)",11.0,0.0454
"  2308 Schilt (1967 JM)",11.80,0.1094
"  2309 Mr. Spock (1971 QX1)",11.30,0.1177
"  2310 Olshaniya (1974 SU4)",11.6,0.0498
"  2313 Aruna (1976 TA)",12.90,0.0506
"  2315 Czechoslovakia (1980 DZ)",10.6,0.1686
"  2320 Blarney (1979 QJ)",10.4,0.0740
"  2321 Luznice (1980 DB1)",11.9,0.1421
"  2322 Kitt Peak (1954 UQ2)",13.0,0.0571
"  2326 Tololo (1965 QC)",10.8,0.0384
"  2328 Robeson (1972 HW)",12.8,0.1281
"  2330 Ontake (1977 DS3)",11.5,0.0488
"  2332 Kalm (1940 GH)",10.9,0.1162
"  2333 Porthan (1943 EP)",11.8,0.0952
"  2345 Fucik (1974 OS)",10.80,0.1192
"  2349 Kurchenko (1970 OG)",11.3,0.0663
"  2355 Nei Monggol (1978 UV1)",11.6,0.1692
"  2364 Seillier (1978 GD)",11.2,0.2747
"  2370 van Altena (1965 LA)",12.8,0.0899
"  2372 Proskurin (1977 RA8)",11.7,0.0780
"  2378 Pannekoek (1935 CY)",10.9,0.0891
"  2379 Heiskanen (1941 ST)",10.90,0.0772
"  2381 Landi (1976 AF)",11.6,0.3358
"  2386 Nikonov (1974 SN1)",11.6,0.1456
"  2390 Nezarka (1980 PA1)",12.1,0.0450
"  2394 Nadeev (1973 SZ2)",11.8,0.0209
"  2408 Astapovich (1978 QK1)",11.9,0.0407
"  2413 van de Hulst (6816 P-L)",11.3,0.1624
"  2414 Vibeke (1931 UG)",11.4,0.0369
"  2426 Simonov (1976 KV)",11.5,0.0842
"  2428 Kamenyar (1977 RZ6)",11.4,0.0864
"  2439 Ulugbek (1977 QX2)",11.7,0.1065
"  2441 Hibbs (1979 MN2)",13.8,0.0494
"  2443 Tomeileen (A906 BJ)",10.1,0.1541
"  2448 Sholokhov (1975 BU)",10.7,0.1337
"  2450 Ioannisiani (1978 RP)",11.6,0.0621
"  2453 Wabash (A921 SA)",11.2,0.0860
"  2458 Veniakaverin (1977 RC7)",11.9,0.0584
"  2459 Spellmann (1980 LB1)",11.3,0.0500
"  2461 Clavel (1981 EC1)",11.6,0.0835
"  2463 Sterpin (1934 FF)",11.7,0.2831
"  2464 Nordenskiold (1939 BF)",11.8,0.1496
"  2465 Wilson (1949 PK)",12.2,0.0706
"  2466 Golson (1959 RJ)",12.0,0.0611
"  2474 Ruby (1979 PB)",11.6,0.1064
"  2476 Andersen (1976 JF2)",11.1,0.1696
"  2490 Bussolini (1976 AG)",11.8,0.2268
"  2492 Kutuzov (1977 NT)",11.4,0.0975
"  2494 Inge (1981 LF)",10.7,0.0329
"  2502 Nummela (1943 EO)",11.5,0.1349
"  2512 Tavastia (1940 GG)",12.5,0.1057
"  2513 Baetsle (1950 SH)",13.2,0.0278
"  2522 Triglav (1980 PP)",11.3,0.0964
"  2523 Ryba (1980 PV)",11.2,0.1183
"  2524 Budovicium (1981 QB1)",11.1,0.0783
"  2531 Cambridge (1980 LD)",10.8,0.2104
"  2534 Houzeau (1931 VD)",11.3,0.0794
"  2542 Calpurnia (1980 CF)",11.5,0.0639
"  2544 Gubarev (1980 PS)",12.0,0.2430
"  2546 Libitina (1950 FC)",11.7,0.1188
"  2559 Svoboda (1981 UH)",12.3,0.0297
"  2562 Chaliapin (1973 FF1)",11.4,0.1232
"  2563 Boyarchuk (1977 FZ)",11.6,0.0614
"  2569 Madeline (1980 MA)",10.9,0.0741
"  2570 Porphyro (1980 PG)",12.1,0.0297
"  2595 Gudiachvili (1979 KL)",12.2,0.0223
"  2601 Bologna (1980 XA)",11.4,0.1626
"  2604 Marshak (1972 LD1)",12.8,0.0552
"  2613 Plzen (1979 QE)",11.4,0.0737
"  2615 Saito (1951 RJ)",12.4,0.0390
"  2617 Jiangxi (1975 WO1)",10.3,0.0441
"  2621 Goto (1981 CA)",10.9,0.0428
"  2632 Guizhou (1980 VJ1)",11.5,0.0576
"  2645 Daphne Plane (1976 QD)",12.0,0.0875
"  2646 Abetti (1977 EC1)",11.3,0.0808
"  2654 Ristenpart (1968 OG)",12.8,0.0419
"  2659 Millis (1981 JX)",11.6,0.0549
"  2660 Wasserman (1982 FG)",11.9,0.2384
"  2664 Everhart (1934 RR)",13.9,0.0452
"  2672 Pisek (1979 KC)",12.2,0.0907
"  2677 Joan (1935 FF)",11.4,0.0955
"  2687 Tortali (1982 HG)",11.89,0.2170
"  2690 Ristiina (1938 DG1)",11.2,0.1585
"  2695 Christabel (1979 UE)",11.9,0.0995
"  2696 Magion (1980 HB)",12.1,0.0687
"  2707 Ueferji (1981 QS3)",11.60,0.0578
"  2715 Mielikki (1938 US)",11.3,0.1791
"  2718 Handley (1951 OM)",11.70,0.0547
"  2724 Orlov (1978 RZ5)",11.4,0.0947
"  2725 David Bender (1978 VG3)",10.7,0.0759
"  2728 Yatskiv (1979 ST9)",12.6,0.0804
"  2729 Urumqi (1979 UA2)",11.4,0.1353
"  2731 Cucula (1982 KJ)",10.8,0.0358
"  2734 Hasek (1976 GJ3)",11.6,0.0958
"  2739 Taguacipa (1952 UZ1)",13.2,0.0731
"  2740 Tsoj (1974 SY4)",11.4,0.0805
"  2747 Cesky Krumlov (1980 DW)",11.7,0.0380
"  2753 Duncan (1966 DH)",12.30,0.0660
"  2757 Crisser (1977 VN)",11.8,0.1423
"  2774 Tenojoki (1942 TJ)",11.2,0.0506
"  2793 Valdaj (1977 QV)",11.3,0.1100
"  2804 Yrjo (1941 HF)",11.2,0.0708
"  2813 Zappala (1981 WZ)",10.8,0.0663
"  2816 Pien (1982 SO)",11.8,0.0769
"  2819 Ensor (1933 UR)",11.9,0.1928
"  2829 Bobhope (1948 PK)",10.7,0.0916
"  2835 Ryoma (1982 WF)",12.0,0.0404
"  2843 Yeti (1975 XQ)",12.9,0.1030
"  2849 Shklovskij (1976 GN3)",12.9,0.0642
"  2856 Roser (1933 GB)",11.00,0.1223
"  2864 Soderblom (1983 AZ)",12.9,0.0632
"  2865 Laurel (1935 OK)",11.3,0.2242
"  2872 Gentelec (1981 RU)",12.1,0.0900
"  2879 Shimizu (1932 CB1)",11.9,0.0463
"  2892 Filipenko (1983 AX2)",10.20,0.0466
"  2904 Millman (1981 YB)",11.60,0.1421
"  2906 Caltech (1983 AE2)",10.00,0.0526
"  2908 Shimoyama (1981 WA)",11.7,0.0514
"  2909 Hoshi-no-ie (1983 JA)",11.1,0.1671
"  2933 Amber (1983 HN)",11.70,0.0869
"  2934 Aristophanes (4006 P-L)",11.6,0.0761
"  2945 Zanstra (1935 ST1)",12.5,0.0522
"  2950 Rousseau (1974 VQ2)",11.7,0.1728
"  2951 Perepadin (1977 RB8)",10.1,0.0735
"  2952 Lilliputia (1979 SF2)",14.1,0.0505
"  2957 Tatsuo (1934 CB1)",10.8,0.2235
"  2965 Surikov (1975 BX)",12.4,0.0857
"  2967 Vladisvyat (1977 SS1)",11.00,0.0721
"  2979 Murmansk (1978 TB7)",12.4,0.0379
"  2983 Poltava (1981 RW2)",11.3,0.0614
"  2986 Mrinalini (2525 P-L)",12.0,0.0729
"  2987 Sarabhai (4583 P-L)",12.3,0.0791
"  2989 Imago (1976 UF1)",12.9,0.0595
"  2993 Wendy (1970 PA)",12.0,0.1876
"  2995 Taratuta (1978 QK)",12.1,0.0704
"  2996 Bowman (1954 RJ)",12.0,0.0689
"  3003 Koncek (1983 YH)",11.1,0.0852
"  3006 Livadia (1979 SF11)",13.9,0.0803
"  3009 Coventry (1973 SM2)",13.7,0.1096
"  3013 Dobrovoleva (1979 SD7)",13.7,0.0696
"  3017 Petrovic (1981 UL)",11.6,0.1912
"  3026 Sarastro (1977 TA1)",11.6,0.0986
"  3027 Shavarsh (1978 PQ2)",13.2,0.0585
"  3028 Zhangguoxi (1978 TA2)",10.7,0.1417
"  3032 Evans (1984 CA1)",11.5,0.0923
"  3037 Alku (1944 BA)",11.7,0.1131
"  3044 Saltykov (1983 RE3)",11.8,0.0594
"  3046 Moliere (4120 P-L)",12.4,0.0562
"  3051 Nantong (1974 YP)",12.3,0.0752
"  3052 Herzen (1976 YJ3)",13.5,0.0441
"  3054 Strugatskia (1977 RE7)",11.6,0.0845
"  3056 INAG (1978 VD1)",12.5,0.0408
"  3062 Wren (1982 XC)",10.7,0.1357
"  3078 Horrocks (1984 FG)",11.4,0.0452
"  3082 Dzhalil (1972 KE)",12.6,0.0766
"  3089 Oujianquan (1981 XK2)",11.1,0.0618
"  3094 Chukokkala (1979 FE2)",11.9,0.0555
"  3104 Durer (1982 BB1)",10.6,0.1858
"  3109 Machin (1974 DC)",12.0,0.0769
"  3115 Baily (1981 PL)",11.0,0.1639
"  3118 Claytonsmith (1974 OD)",10.90,0.0714
"  3132 Landgraf (1940 WL)",11.6,0.0564
"  3139 Shantou (1980 VL1)",10.7,0.0598
"  3140 Stellafane (1983 AO)",10.8,0.1259
"  3150 Tosa (1983 CB)",11.1,0.0875
"  3152 Jones (1983 LF)",11.8,0.0485
"  3156 Ellington (1953 EE)",11.5,0.0698
"  3157 Novikov (1973 SX3)",11.50,0.0500
"  3161 Beadell (1980 TB5)",12.4,0.1629
"  3164 Prast (6562 P-L)",12.2,0.0843
"  3167 Babcock (1955 RS)",11.2,0.3233
"  3168 Lomnicky Stit (1980 XM)",11.80,0.0535
"  3176 Paolicchi (1980 VR1)",11.1,0.0669
"  3197 Weissman (1981 AD)",11.4,0.0790
"  3222 Liller (1983 NJ)",11.40,0.0543
"  3223 Forsius (1942 RN)",11.2,0.1365
"  3224 Irkutsk (1977 RL6)",11.4,0.0551
"  3230 Vampilov (1972 LE)",11.8,0.0423
"  3237 Victorplatt (1984 SA5)",10.5,0.1513
"  3247 Di Martino (1981 YE)",13.0,0.0647
"  3256 Daguerre (1981 SJ1)",12.40,0.0326
"  3264 Bounty (1934 AF)",12.20,0.0534
"  3283 Skorina (1979 QA10)",12.6,0.0918
"  3285 Ruth Wolfe (1983 VW1)",12.1,0.2857
"  3298 Massandra (1979 OB15)",13.6,0.0565
"  3307 Athabasca (1981 DE1)",13.8,0.0441
"  3311 Podobed (1976 QM1)",12.2,0.0442
"  3318 Blixen (1985 HB)",10.8,0.1275
"  3324 Avsyuk (1983 CW1)",11.8,0.1109
"  3325 TARDIS (1984 JZ)",11.3,0.0553
"  3326 Agafonikov (1985 FL)",13.1,0.0404
"  3338 Richter (1973 UX5)",14.2,0.1
"  3339 Treshnikov (1978 LB)",11.10,0.0601
"  3345 Tarkovskij (1982 YC1)",11.8,0.0688
"  3346 Gerla (1951 SD)",10.7,0.0549
"  3379 Oishi (1931 TJ1)",13.1,0.0386
"  3389 Sinzot (1984 DU)",12.5,0.0606
"  3405 Daiwensai (1964 UQ)",12.0,0.0470
"  3406 Omsk (1969 DA)",11.7,0.2476
"  3418 Izvekov (1973 QZ1)",12.3,0.0457
"  3425 Hurukawa (1929 BD)",10.9,0.1315
"  3442 Yashin (1978 TO7)",11.5,0.0674
"  3445 Pinson (1983 FC)",12.5,0.0738
"  3461 Mandelshtam (1977 SA1)",13.1,0.0305
"  3467 Bernheim (1981 SF2)",13.2,0.0448
"  3470 Yaronika (1975 ES)",13.10,0.0620
"  3471 Amelin (1977 QK2)",11.4,0.0609
"  3475 Fichte (1972 TD)",11.4,0.0897
"  3476 Dongguan (1978 UF2)",11.6,0.0309
"  3478 Fanale (1979 XG)",12.6,0.0600
"  3485 Barucci (1983 NU)",12.8,0.0858
"  3501 Olegiya (1971 QU)",11.7,0.0935
"  3522 Becker (1941 SW)",12.2,0.0192
"  3526 Jeffbell (1984 CN)",12.3,0.0418
"  3532 Tracie (1983 AS2)",11.9,0.0948
"  3560 Chenqian (1980 RZ2)",10.9,0.1245
"  3570 Wuyeesun (1979 XO)",11.1,0.1687
"  3584 Aisha (1981 TW)",12.1,0.0397
"  3587 Descartes (1981 RK5)",12.6,0.0610
"  3591 Vladimirskij (1978 QJ2)",12.1,0.1138
"  3598 Saucier (1977 KK1)",12.1,0.0584
"  3614 Tumilty (1983 AE1)",10.5,0.0274
"  3630 Lubomir (1984 QN)",12.6,0.0535
"  3631 Sigyn (1987 BV1)",11.0,0.0901
"  3637 O''Meara (1984 UQ)",11.6,0.1488
"  3641 Williams Bay (A922 WC)",11.40,0.0489
"  3642 Frieden (1953 XL1)",11.1,0.0475
"  3647 Dermott (1986 AD1)",11.5,0.0517
"  3650 Kunming (1978 UO2)",11.6,0.0386
"  3666 Holman (1979 HP)",12.2,0.0592
"  3682 Welther (A923 NB)",11.7,0.1189
"  3684 Berry (1983 AK)",13.8,0.0504
"  3685 Derdenye (1981 EH14)",13.30,0.0817
"  3686 Antoku (1987 EB)",12.3,0.0680
"  3687 Dzus (A908 TC)",11.4,0.0542
"  3693 Barringer (1982 RU)",11.6,0.0603
"  3702 Trubetskaya (1970 NB)",11.5,0.1369
"  3714 Kenrussell (1983 TT1)",12.6,0.1078
"  3724 Annenskij (1979 YN8)",11.6,0.2022
"  3728 IRAS (1983 QF)",11.9,0.1161
"  3730 Hurban (1983 XM1)",11.7,0.0484
"  3744 Horn-d''Arturo (1983 VE)",12.9,0.0540
"  3747 Belinskij (1975 VY5)",10.8,0.0898
"  3751 Kiang (1983 NK)",11.6,0.0794
"  3754 Kathleen (1931 FM)",10.3,0.0624
"  3759 Piironen (1984 AP)",11.8,0.0297
"  3772 Piaf (1982 UR7)",11.2,0.0870
"  3776 Vartiovuori (1938 GG)",10.8,0.2229
"  3781 Dufek (1986 RG1)",12.3,0.0578
"  3784 Chopin (1986 UL1)",11.3,0.0864
"  3799 Novgorod (1979 SL9)",12.1,0.1003
"  3803 Tuchkova (1981 TP1)",11.1,0.0425
"  3805 Goldreich (1981 DK3)",12.6,0.1165
"  3812 Lidaksum (1965 AK1)",11.3,0.0318
"  3815 Konig (1959 GG)",12.2,0.0360
"  3818 Gorlitsa (1979 QL8)",14.0,0.0356
"  3829 Gunma (1988 EM)",12.0,0.0393
"  3839 Bogaevskij (1971 OU)",13.0,0.1378
"  3846 Hazel (1980 TK5)",12.0,0.0753
"  3855 Pasasymphonia (1986 NF1)",13.0,0.2569
"  3872 Akirafujii (1983 AV)",12.5,0.0583
"  3876 Quaide (1988 KJ)",11.4,0.1111
"  3895 Earhart (1987 DE)",11.8,0.1228
"  3899 Wichterle (1982 SN1)",11.4,0.1037
"  3901 Nanjingdaxue (1958 GQ)",12.4,0.0419
"  3906 Chao (1987 KE1)",10.4,0.0381
"  3911 Otomo (1940 QB)",11.4,0.1937
"  3915 Fukushima (1988 PA1)",12.2,0.0561
"  3922 Heather (1971 SP3)",12.7,0.0438
"  3925 Tret''yakov (1977 SS2)",11.0,0.0440
"  3932 Edshay (1984 SC5)",11.7,0.1859
"  3935 Toatenmongakkai (1987 PB)",11.9,0.1962
"  3939 Huruhata (1953 GO)",11.3,0.0524
"  3945 Gerasimenko (1982 PL)",12.4,0.0395
"  3957 Sugie (1933 OD)",12.50,0.0321
"  3961 Arthurcox (1962 OB)",12.0,0.2012
"  3970 Herran (1979 ME9)",12.2,0.1117
"  3971 Voronikhin (1979 YM8)",11.3,0.0392
"  3976 Lise (1983 JM)",11.60,0.0585
"  3978 Klepesta (1983 VP1)",11.7,0.0518
"  3979 Brorsen (1983 VV1)",11.9,0.1003
"  3981 Stodola (1984 BL)",11.90,0.0603
"  3983 Sakiko (1984 SX)",12.8,0.0721
"  3987 Wujek (1986 EL1)",12.0,0.0539
"  3994 Ayashi (1988 XF)",12.70,0.0782
"  3999 Aristarchus (1989 AL)",12.6,0.0589
"  4002 Shinagawa (1950 JB)",11.6,0.2021
"  4006 Sandler (1972 YR)",12.6,0.0669
"  4009 Drobyshevskij (1977 EN1)",12.50,0.0542
"  4049 Noragal'' (1973 QD2)",12.3,0.0859
"  4061 Martelli (1988 FF3)",12.1,0.0930
"  4093 Bennett (1986 VD)",12.2,0.0601
"  4103 Chahine (1989 EB)",11.3,0.3477
"  4107 Rufino (1989 GT)",12.1,0.3179
"  4110 Keats (1977 CZ)",11.8,0.0633
"  4112 Hrabal (1981 ST)",11.0,0.0226
"  4121 Carlin (1986 JH)",12.6,0.4164
"  4124 Herriot (1986 SE)",12.4,0.0452
"  4131 Stasik (1988 DR4)",11.6,0.0501
"  4132 Bartok (1988 EH)",12.0,0.3308
"  4140 Branham (1976 VA)",11.2,0.0637
"  4141 Nintanlena (1978 PG3)",12.9,0.0723
"  4144 Vladvasil''ev (1981 SW6)",11.8,0.0666
"  4146 Rudolfinum (1982 DD2)",13.5,0.0469
"  4152 Weber (1985 JF)",11.9,0.0585
"  4157 Izu (1988 XD2)",12.3,0.0695
"  4159 Freeman (1989 GK)",11.1,0.2822
"  4162 SAF (1940 WA)",11.6,0.0620
"  4176 Sudek (1987 DS)",11.90,0.0341
"  4186 Tamashima (1977 DT1)",11.3,0.0600
"  4194 Sweitzer (1982 RE)",12.1,0.0823
"  4201 Orosz (1984 JA1)",11.5,0.0726
"  4209 Briggs (1986 TG4)",11.3,0.1288
"  4211 Rosniblett (1987 RT)",11.7,0.0259
"  4217 Engelhardt (1988 BO2)",12.2,0.2108
"  4222 Nancita (1988 EK1)",12.2,0.2703
"  4224 Susa (1988 KG)",11.3,0.0648
"  4226 Damiaan (1989 RE)",11.5,0.0555
"  4231 Fireman (1976 WD)",13.3,0.0437
"  4243 Nankivell (1981 GF1)",12.5,0.0493
"  4250 Perun (1984 UG)",11.9,0.0664
"  4266 Waltari (1940 YE)",11.9,0.0528
"  4281 Pounds (1985 TE1)",13.8,0.0361
"  4292 Aoba (1989 VO)",12.1,0.0385
"  4298 Jorgenunez (1941 WA)",12.20,0.0651
"  4313 Bouchet (1979 HK1)",12.6,0.0758
"  4315 Pronik (1979 SL11)",12.3,0.0513
"  4327 Ries (1982 KB1)",11.7,0.0970
"  4332 Milton (1983 RC)",12.7,0.2306
"  4335 Verona (1983 VC7)",13.3,0.2418
"  4342 Freud (1987 QO9)",12.3,0.0920
"  4343 Tetsuya (1988 AC)",12.4,0.0856
"  4349 Tiburcio (1989 LX)",11.70,0.0540
"  4350 Shibecha (1989 UG1)",12.1,0.0487
"  4356 Marathon (9522 P-L)",12.9,0.0665
"  4366 Venikagan (1979 YV8)",12.3,0.0273
"  4368 Pillmore (1981 JC2)",11.4,0.1219
"  4378 Voigt (1988 JF)",11.70,0.2734
"  4379 Snelling (1988 PT1)",11.7,0.0430
"  4381 Uenohara (1989 WD1)",11.2,0.1394
"  4414 Sesostris (4153 P-L)",14.2,0.0304
"  4424 Arkhipova (1967 DB)",11.6,0.0709
"  4431 Holeungholee (1978 WU14)",11.6,0.0925
"  4438 Sykes (1983 WR)",11.50,0.0718
"  4442 Garcia (1985 RB1)",12.8,0.0683
"  4449 Sobinov (1987 RX3)",11.6,0.0649
"  4460 Bihoro (1990 DS)",10.8,0.0444
"  4470 Sergeev-Censkij (1978 QP1)",12.5,0.0912
"  4484 Sif (1987 DD)",12.3,0.0562
"  4493 Naitomitsu (1988 TG1)",11.2,0.1636
"  4500 Pascal (1989 CL)",12.5,0.0813
"  4505 Okamura (1990 DV1)",11.2,0.1714
"  4511 Rembrandt (1935 SP1)",12.0,0.2861
"  4522 Britastra (1980 BM)",12.2,0.0527
"  4540 Oriani (1988 VY1)",12.4,0.1129
"  4547 Massachusetts (1990 KP)",11.5,0.1184
"  4554 Fanynka (1986 UT)",11.6,0.0812
"  4562 Poleungkuk (1979 UD2)",12.8,0.0473
"  4573 Piestany (1986 TP6)",11.6,0.0616
"  4597 Consolmagno (1983 UA1)",12.6,0.0824
"  4609 Pizarro (1988 CT3)",11.7,0.0582
"  4642 Murchie (1990 QG4)",12.3,0.0628
"  4645 Tentaikojo (1990 SP4)",12.6,0.1622
"  4648 Tirion (1931 UE)",13.2,0.0614
"  4672 Takuboku (1988 HB)",11.3,0.0609
"  4695 Mediolanum (1985 RU3)",11.9,0.0560
"  4712 Iwaizumi (1989 QE)",11.3,0.0933
"  4717 Kaneko (1989 WX)",11.20,0.1808
"  4730 Xingmingzhou (1980 XZ)",11.3,0.1022
"  4732 Froeschle (1981 JG)",11.30,0.0599
"  4759 Aretta (1978 VG10)",12.4,0.1255
"  4768 Hartley (1988 PH1)",11.3,0.0398
"  4772 (1989 VM)",11.80,0.0409
"  4783 Wasson (1983 AH1)",13.5,0.0455
"  4790 Petrpravec (1988 PP)",12.9,0.1084
"  4812 Hakuhou (1977 DL3)",14.40,0.0580
"  4813 Terebizh (1977 RR7)",12.1,0.0226
"  4831 Baldwin (1988 RX11)",12.40,0.0157
"  4840 Otaynang (1989 UY)",11.7,0.0398
"  4843 Megantic (1990 DR4)",11.8,0.1039
"  4874 Burke (1991 AW)",12.2,0.0818
"  4889 Praetorius (1982 UW3)",12.2,0.0908
"  4896 Tomoegozen (1986 YA)",11.4,0.1345
"  4903 Ichikawa (1989 UD)",12.6,0.1039
"  4907 Zoser (7618 P-L)",12.2,0.0529
"  4911 Rosenzweig (1953 UD)",12.0,0.0908
"  4918 Rostropovich (1974 QU1)",13.4,0.0651
"  4930 Rephiltim (1983 AO2)",11.1,0.0720
"  4955 Gold (1990 SF2)",11.7,0.0599
"  4958 Wellnitz (1991 NT1)",11.4,0.0582
"  4959 Niinoama (1991 PA1)",10.80,0.1082
"  4966 Edolsen (1981 EO34)",13.6,0.0687
"  4967 Glia (1983 CF1)",11.2,0.1054
"  5022 Roccapalumba (1984 HE1)",11.6,0.0324
"  5070 Arai (1991 XT)",11.6,0.0792
"  5079 Brubeck (1975 DB)",12.60,0.0592
"  5081 Sanguin (1976 WC1)",12.5,0.1072
"  5084 Gnedin (1977 FN1)",12.2,0.0656
"  5092 Manara (1982 FJ)",11.6,0.1014
"  5095 Escalante (1983 NL)",13.1,0.1203
"  5097 Axford (1983 TW1)",13.20,0.0547
"  5102 Benfranklin (1986 RD1)",12.6,0.0443
"  5105 Westerhout (1986 TM1)",12.1,0.0874
"  5133 Phillipadams (1990 PA)",12.0,0.0697
"  5140 Kida (1990 XH)",11.5,0.0683
"  5153 (1940 GO)",11.9,0.0735
"  5176 Yoichi (1989 AU)",12.20,0.0849
"  5185 Alerossi (1990 RV2)",12.5,0.1408
"  5192 Yabuki (1991 CC)",10.7,0.0966
"  5202 (1983 XX)",13.1,0.0893
"  5222 Ioffe (1980 TL13)",11.3,0.1463
"  5225 Loral (1983 TS1)",12.4,0.0459
"  5228 Maca (1986 VT)",12.6,0.0413
"  5229 (1987 DE6)",12.4,0.0503
"  5236 Yoko (1990 TG3)",13.1,0.1383
"  5237 Yoshikawa (1990 UF3)",13.2,0.0587
"  5249 Giza (1983 HJ)",12.2,0.0517
"  5255 Johnsophie (1988 KF)",13.2,0.0723
"  5262 Brucegoldberg (1990 XB1)",11.1,0.0698
"  5304 Bazhenov (1978 TA7)",12.5,0.0925
"  5316 Filatov (1982 UB7)",11.6,0.0417
"  5330 Senrikyu (1990 BQ1)",12.2,0.2227
"  5358 (1992 QH)",11.5,0.2141
"  5374 Hokutosei (1989 AM1)",11.4,0.0606
"  5399 Awa (1989 BT)",12.4,0.0754
"  5416 Estremadoyro (1978 VE5)",12.8,0.0697
"  5420 Jancis (1982 JR1)",13.5,0.0731
"  5435 Kameoka (1990 BS1)",11.7,0.0737
"  5443 Encrenaz (1991 NX1)",13.2,0.0801
"  5458 Aizman (1980 TB12)",12.1,0.0526
"  5461 Autumn (1983 HB1)",11.7,0.0986
"  5468 Hamatonbetsu (1988 BK)",12.2,0.0748
"  5469 (1988 BK4)",13.1,0.0268
"  5484 Inoda (1990 VH1)",12.8,0.1062
"  5489 Oberkochen (1993 BF2)",11.50,0.3398
"  5521 Morpurgo (1991 PM1)",12.4,0.2393
"  5567 Durisen (1953 FK1)",11.2,0.0845
"  5572 Bliskunov (1978 SS2)",12.5,0.0686
"  5576 Albanese (1986 UM1)",12.3,0.0681
"  5592 Oshima (1990 VB4)",11.7,0.0686
"  5616 Vogtland (1987 ST10)",13.8,0.0261
"  5647 (1990 TZ)",12.1,0.4729
"  5651 Traversa (1991 CA2)",11.5,0.0511
"  5654 Terni (1993 KG)",12.4,0.0684
"  5678 DuBridge (1989 TS)",13.8,0.0130
"  5697 Arrhenius (6766 P-L)",12.5,0.0774
"  5709 Tamyeunleung (1977 TS3)",12.2,0.0831
"  5747 (1991 CO3)",12.4,0.2670
"  5757 Ticha (1967 JN)",12.00,0.0632
"  5771 Somerville (1987 ST1)",12.2,0.0372
"  5832 Martaprincipe (1991 LE1)",12.2,0.1146
"  5849 (1990 HF1)",10.9,0.1823
"  5852 Nanette (1991 HO)",12.0,0.0353
"  5889 Mickiewicz (1979 FA3)",12.1,0.0726
"  5900 Jensen (1986 TL)",12.0,0.0287
"  5919 Patrickmartin (1991 PW12)",12.2,0.0968
"  5922 Shouichi (1992 UV)",11.8,0.0542
"  5924 Teruo (1994 CH1)",13.1,0.0693
"  5959 Shaklan (1989 NB1)",12.1,0.1770
"  6038 (1989 EQ)",12.5,0.0443
"  6059 (1979 TA)",14.3,0.0413
"  6106 Stoss (6564 P-L)",12.6,0.0649
"  6111 Davemckay (1979 SP13)",13.1,0.0817
"  6129 Demokritos (1989 RB2)",12.8,0.0863
"  6150 Neukum (1980 FR1)",12.8,0.0987
"  6157 Prey (1991 RX2)",13.7,0.0171
"  6174 Polybius (1983 TR2)",11.8,0.0723
"  6175 Cori (1983 XW)",12.7,0.1573
"  6187 (1988 RD5)",12.7,0.0616
"  6192 (1990 KB1)",12.8,0.2669
"  6205 Menottigalli (1983 OD)",13.5,0.0847
"  6255 Kuma (1994 XT)",12.8,0.0342
"  6279 (1977 UO5)",12.5,0.0684
"  6295 Schmoll (1988 CF3)",14.0,0.1114
"  6336 Dodo (1992 UU)",13.0,0.0195
"  6348 (1995 CH1)",13.2,0.0726
"  6349 Acapulco (1995 CN1)",12.3,0.0757
"  6350 Schluter (3526 P-L)",12.1,0.0671
"  6353 Semper (3107 T-3)",12.6,0.0962
"  6362 Tunis (1979 KO)",11.7,0.0373
"  6372 Walker (1985 JW1)",11.2,0.0443
"  6404 Vanavara (1991 PS6)",12.90,0.0279
"  6453 (1991 NY)",13.60,0.1032
"  6475 Refugium (1987 SZ6)",11.1,0.1136
"  6479 Leoconnolly (1988 LC)",12.6,0.0507
"  6570 Tomohiro (1994 JO)",11.9,0.0546
"  6606 Makino (1990 UF)",12.7,0.0287
"  6613 Williamcarl (1994 LK)",12.0,0.0430
"  6619 Kolya (1973 SS4)",11.4,0.1266
"  6621 Timchuk (1975 VN5)",13.7,0.0512
"  6631 Pyatnitskij (1983 RQ4)",13.1,0.0494
"  6648 (1991 PM11)",12.9,0.1937
"  6687 Lahulla (1980 FN1)",14.6,0.0192
"  6779 Perrine (1990 DM1)",13.9,0.0330
"  6785 (1990 VA7)",11.10,0.0849
"  6794 Masuisakura (1992 DK)",11.2,0.0978
"  6862 Virgiliomarcon (1991 GL)",11.3,0.0624
"  6868 Seiyauyeda (1992 HD)",12.7,0.0493
"  6879 Hyogo (1994 TC15)",12.5,0.0535
"  6895 (1987 DG6)",13.3,0.0273
"  6925 Susumu (1993 UW2)",12.2,0.0481
"  6939 Lestone (1952 SW1)",13.70,0.0212
"  6974 Solti (1992 MC)",11.9,0.1381
"  6989 Hoshinosato (1994 XH1)",12.3,0.1725
"  7019 Tagayuichan (1992 EM1)",13.4,0.0889
"  7050 (1982 FE3)",12.7,0.0390
"  7052 (1988 VQ2)",12.9,0.1682
"  7083 Kant (1989 CL3)",12.8,0.1161
"  7110 Johnpearse (1983 XH1)",12.8,0.0625
"  7170 Livesey (1987 MK)",12.5,0.0998
"  7200 (1994 NO)",13.5,0.0346
"  7331 Balindblad (1985 TV)",11.7,0.0740
"  7366 Agata (1996 UY)",12.2,0.0311
"  7536 Fahrenheit (1995 WB7)",12.0,0.0549
"  7605 (1995 SR1)",11.3,0.0426
"  7611 Hashitatsu (1996 BW1)",12.0,0.0653
"  7612 (1996 CN2)",12.0,0.0896
"  7635 (1983 VH1)",11.7,0.0924
"  7711 Rip (1994 XF)",12.7,0.0489
"  7730 Sergerasimov (1978 NN1)",13.2,0.0281
"  7750 McEwen (1988 QD1)",13.0,0.1036
"  7796 Jaracimrman (1996 BG)",13.4,0.0408
"  7812 Billward (1984 UT)",12.7,0.0153
"  7859 Lhasa (1979 US)",13.30,0.0330
"  7868 Barker (1984 UX2)",12.7,0.0395
"  7874 (1991 BE)",13.1,0.0946
"  7880 (1992 OM7)",12.9,0.0430
"  7895 Kaseda (1995 DK1)",11.3,0.0949
"  7916 (1981 EN)",14.2,0.0212
"  7949 (1992 SU)",12.40,0.0569
"  7950 Berezov (1992 SS26)",12.0,0.0663
"  7965 Katsuhiko (1996 BD1)",12.3,0.0634
"  7979 Pozharskij (1978 SV7)",13.7,0.0493
"  7994 Bethellen (1983 CQ2)",12.6,0.0391
"  7999 Nesvorny (1986 RA3)",12.2,0.0629
"  8003 Kelvin (1987 RJ)",13.6,0.0258
"  8062 Okhotsymskij (1977 EZ)",12.8,0.0718
"  8067 Helfenstein (1980 RU)",12.7,0.0253
"  8146 Jimbell (1983 WG)",12.8,0.0795
"  8157 (1988 XG2)",13.3,0.0545
"  8223 Bradshaw (1996 PD)",13.4,0.0302
"  8259 (1983 UG)",13.9,0.1120
"  8292 (1992 SU14)",12.5,0.1680
"  8342 (1986 QN3)",14.3,0.0737
"  8380 Tooting (1992 SW17)",12.1,0.1903
"  8449 Maslovets (1977 EO1)",12.9,0.0312
"  8486 (1989 QV)",13.1,0.0201
"  8487 (1989 SQ)",13.7,0.0639
"  8579 Hieizan (1996 XV19)",13.5,0.0313
"  8701 (1993 LG2)",12.5,0.0459
"  8737 Takehiro (1997 AL13)",12.2,0.0621
"  8802 (1981 EW31)",13.7,0.0238
"  8813 Leviathan (1983 WF1)",12.3,0.1664
"  8823 (1987 WS3)",12.7,0.0831
"  8861 Jenskandler (1991 TF7)",12.9,0.0147
"  8889 Mockturtle (1994 OC)",12.0,0.0727
"  8891 Irokawa (1994 RC1)",12.60,0.0553
"  8951 (1997 FO)",12.2,0.0692
"  9003 Ralphmilliken (1981 UW21)",12.9,0.0326
"  9090 Chirotenmondai (1995 UW8)",12.50,0.0609
"  9107 Narukospa (1997 AE4)",12.9,0.0255
"  9247 (1998 MO19)",11.5,0.0553
"  9294 (1983 EV)",13.0,0.0418
"  9344 Klopstock (1991 RB4)",14.2,0.0116
"  9347 (1991 RY21)",13.5,0.0509
"  9515 Dubner (1975 RA2)",12.9,0.0738
"  9559 (1987 DH6)",13.20,0.0466
"  9719 Yakage (1977 DF2)",13.3,0.0197
"  9920 Bagnulo (1981 EZ10)",13.4,0.0270
" 10046 Creighton (1986 JC)",13.5,0.0418
" 10050 Rayman (1987 MA1)",13.4,0.0722
" 10227 Izanami (1997 VO6)",12.1,0.0325
" 10259 Osipovyurij (1972 HL)",12.2,0.0523
" 10287 Smale (1982 UK7)",13.7,0.0602
" 10288 Saville (1983 WN)",14.4,0.0546
" 10291 (1985 UT)",12.5,0.0489
" 10299 (1988 VS3)",13.3,0.0706
" 10328 (1991 GC1)",13.9,0.0519
" 10369 Sinden (1995 CE2)",13.1,0.0529
" 10583 Kanetugu (1995 WC4)",11.9,0.0485
" 10637 Heimlich (1998 QP104)",12.4,0.0241
" 10672 Kostyukova (1978 QE)",11.6,0.0719
" 10714 (1983 QG)",13.5,0.0778
" 10748 (1989 CE8)",13.00,0.0522
" 10766 (1990 UB1)",11.9,0.0354
" 10784 Noailles (1991 RQ11)",13.2,0.0309
" 10944 (1999 FJ26)",12.7,0.0412
" 10946 (1999 HR2)",12.8,0.0435
" 11096 (1994 RU1)",13.1,0.0697
" 11179 (1998 FB109)",13.8,0.0161
" 11195 Woomera (1999 AY22)",14.1,0.0329
" 11232 (1999 JA77)",12.3,0.0264
" 11313 Kugelgen (1994 GE10)",14.2,0.0127
" 11386 (1998 TA18)",13.60,0.0458
" 11569 Virgilsmith (1993 KB2)",12.00,0.0305
" 11576 (1994 CL)",13.2,0.0496
" 11645 (1997 BY1)",13.8,0.0988
" 11990 (1995 WM6)",13.6,0.0593
" 12080 (1998 FC111)",12.30,0.0356
" 12098 (1998 HV122)",12.8,0.0422
" 12365 Yoshitoki (1993 YD)",12.70,0.0194
" 12445 Sirataka (1996 HE2)",12.4,0.0278
" 12481 Streuvels (1997 EW47)",13.3,0.0409
" 12583 Buckjean (1999 RC35)",12.30,0.0320
" 12738 Satoshimiki (1992 AL)",13.3,0.0419
" 12983 (1979 OH1)",12.7,0.0156
" 13124 (1994 PS)",13.4,0.0383
" 13176 Kobedaitenken (1996 HE1)",12.1,0.0258
" 13244 Dannymeyer (1998 MJ14)",11.7,0.0486
" 13249 Marcallen (1998 MD38)",11.8,0.0663
" 13295 (1998 RE)",12.3,0.0465
" 13426 (1999 VA25)",15.1,0.0134
" 13737 (1998 RU76)",14.0,0.0333
" 13860 Neely (1999 XH143)",11.9,0.0520
" 14012 Amedee (1993 XG)",12.3,0.0952
" 14120 Espenak (1998 QJ54)",13.5,0.0368
" 14208 (1999 CR64)",12.9,0.0391
" 14341 (1983 RV3)",13.6,0.0405
" 14612 Irtish (1998 SG164)",12.6,0.0333
" 14646 (1998 XO28)",13.4,0.0166
" 14651 (1998 YE5)",12.8,0.0329
" 14705 (2000 CG2)",12.7,0.1062
" 14736 (2000 DW97)",13.00,0.0358
" 15269 (1990 XF)",12.0,0.1553
" 15410 (1997 YZ)",12.1,0.0514
" 15514 (1999 VW24)",11.60,0.0664
" 15562 (2000 GF48)",12.1,0.0563
" 15707 (1988 RN4)",13.7,0.0310
" 15712 (1989 RN2)",12.8,0.0386
" 15732 Vitusbering (1990 VZ5)",12.5,0.0408
" 15923 (1997 VN3)",13.1,0.0459
" 15951 (1998 BB2)",12.0,0.0541
" 15958 (1998 BE33)",14.3,0.0276
" 15967 Clairearmstrong (1998 DN20)",12.8,0.1194
" 16015 Snell (1999 CK47)",13.6,0.0125
" 16035 Sasandford (1999 FX32)",12.7,0.0329
" 16216 (2000 DR4)",13.00,0.0480
" 16257 (2000 JY6)",12.4,0.0297
" 16392 (1981 EP42)",14.4,0.0179
" 16415 (1987 QE7)",13.6,0.0811
" 16593 (1992 UB3)",12.7,0.0489
" 16671 (1994 AF3)",12.6,0.0800
" 16774 (1996 VP1)",13.1,0.1658
" 16785 (1997 AL1)",11.4,0.0481
" 16786 (1997 AT1)",12.1,0.0584
" 16878 Tombickler (1998 BL9)",12.9,0.0483
" 16913 (1998 EK9)",13.2,0.0679
" 17109 (1999 JF52)",12.5,0.0265
" 17175 (1999 SS3)",11.9,0.0714
" 17252 (2000 GJ127)",11.8,0.0246
" 17266 (2000 KT6)",13.3,0.0289
" 17297 (3560 P-L)",11.9,0.0554
" 17389 (1981 EN30)",13.3,0.0357
" 17445 Avatcha (1989 YC5)",12.5,0.0389
" 17463 (1990 UO5)",13.4,0.0419
" 17683 Kanagawa (1997 AR16)",12.6,0.0302
" 17711 (1997 WA7)",12.3,0.1515
" 17839 (1998 HN95)",12.5,0.0711
" 18039 (1999 ND49)",13.3,0.0205
" 18053 (1999 RU208)",12.7,0.0277
" 18153 (2000 OC61)",12.3,0.0743
" 18219 (6260 P-L)",12.0,0.0892
" 18300 (1979 PA)",14.2,0.0278
" 18331 (1987 DQ6)",11.7,0.0365
" 18333 (1987 OV)",14.1,0.0260
" 18377 (1991 SH1)",13.4,0.0442
" 18483 (1995 YY2)",13.1,0.0802
" 18595 (1998 BR1)",13.6,0.0346
" 18666 (1998 FT53)",12.9,0.0303
" 18827 (1999 NA26)",12.1,0.0360
" 19517 Robertocarlos (1998 SK164)",13.00,0.0605
" 19565 (1999 KF4)",12.5,0.0558
" 19615 (1999 OB3)",12.1,0.0460
" 19732 (1999 XF165)",12.9,0.0985
" 19862 (2556 P-L)",13.4,0.0390
" 19926 (1979 YQ)",13.1,0.0316
" 20098 (1994 WC2)",12.6,0.0821
" 20099 (1994 WB3)",14.0,0.0236
" 20293 Sirichelson (1998 FQ72)",14.1,0.0141
" 20569 (1999 RP132)",12.5,0.0612
" 20602 (1999 RC198)",11.9,0.0377
" 20675 (1999 VK6)",12.70,0.0693
" 20707 (1999 WW4)",12.4,0.0355
" 20741 Jeanmichelreess (1999 XA230)",13.0,0.0329
" 20762 (2000 EE36)",11.8,0.1299
" 20802 (2000 SR179)",13.9,0.0241
" 20810 (2000 SE266)",13.2,0.1251
" 20848 (2000 UA105)",13.6,0.0737
" 20899 (2000 XB3)",13.1,0.0430
" 21018 (1988 VV1)",12.7,0.0908
" 21555 Levary (1998 QF70)",12.50,0.0481
" 21570 Muralidhar (1998 RK33)",13.7,0.0203
" 21587 Christopynn (1998 SE132)",12.4,0.0476
" 21592 (1998 VJ5)",13.3,0.0821
" 21596 (1998 WG7)",14.3,0.0472
" 21792 (1999 ST7)",13.1,0.0554
" 21967 (1999 WS9)",12.2,0.0690
" 22097 (2000 BH4)",12.2,0.0317
" 22147 (2000 WP32)",13.4,0.0292
" 22464 (1997 AG14)",13.0,0.0828
" 22805 (1999 RR2)",12.5,0.1352
" 22955 (1999 TH251)",12.9,0.0304
" 23059 Paulpaino (1999 XT45)",14.5,0.0146
" 23099 (1999 XA160)",11.6,0.0443
" 23103 (1999 XK169)",12.9,0.0436
" 23129 (2000 AO100)",11.9,0.0601
" 23167 (2000 GL124)",13.0,0.1437
" 23956 (1998 VD9)",13.0,0.0531
" 23977 (1999 GW6)",13.00,0.0425
" 24013 (1999 RR113)",13.10,0.1282
" 24035 (1999 SJ2)",14.1,0.0512
" 24127 (1999 VZ52)",11.40,0.0851
" 24388 (2000 AB175)",11.9,0.0374
" 24980 (1998 KF2)",13.7,0.0871
" 25000 Astrometria (1998 OW5)",12.60,0.0311
" 25343 (1999 RA44)",14.2,0.0252
" 25453 (1999 XU11)",12.5,0.0957
" 25699 (2000 AD127)",12.6,0.0346
" 25785 (2000 CY45)",13.4,0.0238
" 25843 (2000 EQ84)",13.3,0.0167
" 26125 (1992 RG)",13.0,0.0975
" 26171 (1996 BY2)",14.00,0.0480
" 26260 (1998 RA2)",13.3,0.0670
" 26604 (2000 FO25)",12.8,0.4331
" 26662 (2000 WB181)",14.5,0.0186
